,Name,Price-Per-Night,Best-Deal-At,URL
0,Hotel Ashyana - Near To Grant Road Station Mumbai,"14,941",Trip.com,https://www.trivago.in/forward/en-IN?forwarderA=ExAGkRu4Q0HtkmT7TlOiuTg5tAQvz8vloQBJLJIMWB%2FlgyrUyr4W9Ewxj21rB4uoXESz7cyKnxpal0OscWQG1%2BM3XdSW2Xe64YdOJ%2Bv4bKh%2B%2BaWxLsWUF1N8HUGs3NYt0uodUUXN%2B1lq914v9djg3PW0pmmVK9kIeV95o0NYKuatg8SpTldoWf%2FCbFHz%2FIXdWCJ7%2Bms5pgU7hmMZETmRbwQ%2FxAY9%2BrxbiAvxv%2BAPnU9Joj0ybCviodTO24TDhwzaBTbjUxNVVEpqfA4yt%2BLKHLqvgt%2FvSPmTTshOiYEpFbZqaSJZ4swnSesGPaiPqwQtFrz8bQOuWzpeVCB2m1pY6Rz%2FeLCNi0N6hK7xXXZ9wnx%2BWFhOTqZfR9rB8nsr%2BfetHjbeHTNeG%2FaAFLXp7A%3D%3D&forwarderB=%2F573uWPWJVJAtshEqrHYVnLoHKTf%2BtSqNNDVcaMNNl9V8Zx5FyQUSZ%2FMdNw%2BkPpLek19nZjtGJzIQjODqXVp3AYpZKzKlcY293lwM5w4n1x%2BMKH4NEkjDLHFOZ49DUWoyoXq9CVOY4T2O2kAG9ZjDblDhuRcXX8DOFQUzhlt3O2i2xg%2BUtm3Otri%2B7kyB8mC09wRr%2BqpmEKgNlBEfEv0YZwXMrAP8JGYHVnjFpxdLKBom2jO1oNWdQZgNCEkse6%2BS81Bjy612eSIET%2B3zRZ2%2BZ3HRJ2WhLTCY4vBquFwpX69pgomMGaGMuvU3yuLHOO3GNlmyBwiq3JVSlq8QV0xvHAs9CsBcAuTc49kcnAgmzWacgjheqEuLyQ%2Fi27nU15QIqi%2FVqM%3D&forwarderC=JTdCJTIyYWNjb21tb2RhdGlvblBvc2l0aW9uJTIyJTNBMSUyQyUyMmxpbmtMb2NhdGlvbiUyMiUzQSUyMkNIQU1QSU9OX0RFQUwlMjIlMkMlMjJwYWdlQ29udGFpbmVyJTIyJTNBJTIyTUFJTiUyMiUyQyUyMnBhZ2VOdW1iZXIlMjIlM0ExJTJDJTIydmlld01vZGUlMjIlM0ElMjJTVEFOREFSRCUyMiUyQyUyMmNsaWNrb3V0U291cmNlJTIyJTNBJTIySVRFTV9MSVNUX0NIQU1QSU9OX0RFQUwlMjIlMkMlMjJjbGllbnRDb25uZWN0aW9uSWQlMjIlM0ElMjJqeFg0aG1QcXFaUEMydGY4VlczUzM3Mm9YWDMlMjIlMkMlMjJjbGllbnRTZXF1ZW5jZUlkJTIyJTNBMTEwJTJDJTIyY2xpY2tvdXRFdmVudElkJTIyJTNBJTIyYmJmNTcxMmUtYWU5MC00ODNmLTk1ZjgtMTM0NzIxZWNiM2VlJTIyJTdE
1,Ramada Plaza By Wyndham Palm Grove,"32,924",Trip.com,https://www.trivago.in/forward/en-IN?forwarderA=A7pJjOM0c3OSqmGyP%2BWyG4Ne6xw%2FuipnfyEpH%2FxDWeoKLBrvM4qN52sZC68SJ42o7bFJ88h59zS4C5devHowxdLhPpUYMwiKLjtgGh9TtpkF6EJhuVaw18nioKC0ocTsOpJSQZyOIgWMhQ67d%2FveDH7uxasVjSGoYg0vXoX3q6VvTTOwpRXHBeEexXwBYpFgQgLQ%2BavVrWGO0XJwqU3fu%2BFgZYpduEY521FedLZkF31ZQ7A56Lfadxdoba2%2FxIcl57e9SVIBmycUySk%2FHEmJIomlejayuP1awmhO7keKqnyCEWSz1XYJEq2z8e5sQlOSmgVQTvZ5xaCP1%2FS2c1CZaAlOqJqayy2cGKN%2FuV9B7N0bhm0%2BmUBoE3k00e9n9Z4t8lPqF7f7blAk13JiPg%3D%3D&forwarderB=IMn9UfBuJlqG2r6lolua6pUTwElxw6wzlOhRapMlCwQatta3uxFIwb8Kr30HPcG6gWYoyLd4TgeS%2B%2Fis3Qf%2BlP1rcUibIv8qv1bCHS0gwpd%2BoAxvN2SJrgX%2BD1XD6bqJ1P3XWfGBKdi%2FxQ0ykY3D8AK3l1INVmHODH7QUT5lGT88IlyiBBIp8DkQgx7yr%2BLYkChSDkLv%2BgAOCKdumtIm0SmefHIPIn%2FDNMfRLjHZVXAe5s%2BhK%2FNP2MGg67WwbnhL9K%2Be5ha2kJ9lL%2Bc%2BrPmEhdbfuz9iuVs1i2fNJ%2F8VK0prDHroUFmBVkF4bpn%2FRwbdrN4oRmkam02oiMbA4QQngXVkCXhv0t%2BkaXXaeZwv18g7CjB8UYrV1%2FS%2FuRKNpvRqZ3bWHLuixqTOTvGXWduy1ZoMGA%3D%3D&forwarderC=JTdCJTIyYWNjb21tb2RhdGlvblBvc2l0aW9uJTIyJTNBMiUyQyUyMmxpbmtMb2NhdGlvbiUyMiUzQSUyMkNIQU1QSU9OX0RFQUwlMjIlMkMlMjJwYWdlQ29udGFpbmVyJTIyJTNBJTIyTUFJTiUyMiUyQyUyMnBhZ2VOdW1iZXIlMjIlM0ExJTJDJTIydmlld01vZGUlMjIlM0ElMjJTVEFOREFSRCUyMiUyQyUyMmNsaWNrb3V0U291cmNlJTIyJTNBJTIySVRFTV9MSVNUX0NIQU1QSU9OX0RFQUwlMjIlMkMlMjJjbGllbnRDb25uZWN0aW9uSWQlMjIlM0ElMjJqeFg0aG1QcXFaUEMydGY4VlczUzM3Mm9YWDMlMjIlMkMlMjJjbGllbnRTZXF1ZW5jZUlkJTIyJTNBMTE2JTJDJTIyY2xpY2tvdXRFdmVudElkJTIyJTNBJTIyMjI3Y2QxZDMtYzg3Ny00NGFmLWEwZmItNmNiYmUxMDQ4MjI2JTIyJTdE
2,Vits Mumbai Hotel,"44,610",Trip.com,https://www.trivago.in/forward/en-IN?forwarderA=pUuiJP1uDVePYKO4Z8DZ4l19DIcf58fgsquElIFYVYJVdZXD2LPIDDrlencUjD4iSjBQlUd%2BTEB10yIZGHu690j34UwsMszmgCenYRpXWVi2ZhnRSeZ%2Fp%2BVodt0lK5A086JgMB4mB5PYMcrPyHu3c%2BDIzEHGCQSINeLFnd%2BA11fIQQmZaIkBlsbmtcV%2FUG7mPY1nPBRcm1DrIo4hiLHGCBSXth6%2FbygGRRutpIOr7EKu2z1bXzVha%2BvXQvLgnxEb55jPMSH7J5nrbtcWTZA%2Frl3YYf%2BHudSVwdGtzvHouFuSyvVR%2FDd1EZSm8pZF7X32O00ummyMe5mwdshSBsvnuD4guLeYU%2BCiPukFpROo5xzzDA4SUOry2ST821Io2LylRmLIzI%2Bs45e0u22Pnw%3D%3D&forwarderB=wz7howF5O4sCPs1cINQP%2BLQwTwSe328lWrQL6qERFAIOL5UfLDaSZ0lhOs8BonFa83C3aNubF%2FyhbRNSxJjlMy4cn6SDLhLIKUFHZfP5AvgQKCRS19VxO6HXbsmyHgXfBQcyUyUiUhEc9jT3ESerLi%2BFOXTBM5QIIDYgxDiudN%2FASZdH1CDXntRqLguV3kyogJ26dWVBI65%2FZyPybG3l29uO0FRslZySG46d1jplv6waAuO3oLx6tqculacVZKf97r%2BTC00XXCGaFZ%2FzBaXWeFkUxMIl%2Fx%2BrwZgYOimmkualHXzSMqZIhbSntJFoono8yM2GqY7HG0HtTW%2FFY1klzH8ISiCIfFQRSD8tu%2BNwiOM59iWCQkrWJt5g1blQNk2K9gSpmENM3Is%3D&forwarderC=JTdCJTIyYWNjb21tb2RhdGlvblBvc2l0aW9uJTIyJTNBMyUyQyUyMmxpbmtMb2NhdGlvbiUyMiUzQSUyMkNIQU1QSU9OX0RFQUwlMjIlMkMlMjJwYWdlQ29udGFpbmVyJTIyJTNBJTIyTUFJTiUyMiUyQyUyMnBhZ2VOdW1iZXIlMjIlM0ExJTJDJTIydmlld01vZGUlMjIlM0ElMjJTVEFOREFSRCUyMiUyQyUyMmNsaWNrb3V0U291cmNlJTIyJTNBJTIySVRFTV9MSVNUX0NIQU1QSU9OX0RFQUwlMjIlMkMlMjJjbGllbnRDb25uZWN0aW9uSWQlMjIlM0ElMjJqeFg0aG1QcXFaUEMydGY4VlczUzM3Mm9YWDMlMjIlMkMlMjJjbGllbnRTZXF1ZW5jZUlkJTIyJTNBMTIzJTJDJTIyY2xpY2tvdXRFdmVudElkJTIyJTNBJTIyZTBkZjBhMjYtM2E5Ni00ODkwLWI0ZTItY2EzYTJiZDY2MGNjJTIyJTdE
3,ibis Thane - An Accor Brand,"19,213",Booking.com,https://www.trivago.in/forward/en-IN?forwarderA=1ZE5Kr9C6DyVBgTV5KMQdXUqLZCJrAa4%2FMl9uO4b0Cl%2F%2BdbA3AmE7IBvhyrH67P1ReKqCAtM5KAjnRZa7bcm6LiMKv0yoXToilPgH5mXkdR7sg8jJgLZiIqgV38tEACSpDX5cIxi1iGRSRVagjFcMyr5XteItZ30fYUWbRmrMXJ4OyguAp39w7IkE6cmYIkJa2NEKa0VmojLsxFezYC96nx65cDOWgU7RJHZT8MD1sK7tgtdJ7ufleBYcBj807DZ9QyYHV9OsPtQ9iS%2B9fzIvR4Bjo8%2FGIK58r0aXaW9dDf6yUpny%2BUCZb5VcjjseUrXzlIBZ2LPeeRp4OlTEbE7nBr90rOBSONsanCa0yPHxG%2FiTcNLAXMuhhiY1fgpLNyF42KvYhklK9u9OYXV%2Fg%3D%3D&forwarderB=TtEMqOGnwWX3RJgtMc8ioFZBWu2aNJxXmUxVIIzf2DpOXv2arqSkaWqEuST%2BOoMxLbX86X%2Bsq0Z2m9mYOFwOoCRy7bwgNRjMjgDmqnlyd07wU%2BNLXqQ2S4rslNmEgstdQJp7OWu5YQQCfc%2BZXJxNpoFCgSX2uZA5tYoy60cjQXNmogJpKL1P1wHXnKcEZPzY0zlo5XpHeFnU6ShWwgEAUqAmriPKE0%2BT9t300ywK6d2MROvib7RD83sr6hTJLEiIOH3P%2BvFJxfZSjBLSk0%2F9F%2BFxlB0l4qPb0D1ajKDTo4QiDt2AJrzJsXA0SdQ9Eid4ZZGCi7BJFiHVDUyoaqfqUkZfJn1OSGJvwjnYPMYwP%2BQL2aubxXLOBUol4F1ZXSWj1n5S&forwarderC=JTdCJTIyYWNjb21tb2RhdGlvblBvc2l0aW9uJTIyJTNBNCUyQyUyMmxpbmtMb2NhdGlvbiUyMiUzQSUyMkNIQU1QSU9OX0RFQUwlMjIlMkMlMjJwYWdlQ29udGFpbmVyJTIyJTNBJTIyTUFJTiUyMiUyQyUyMnBhZ2VOdW1iZXIlMjIlM0ExJTJDJTIydmlld01vZGUlMjIlM0ElMjJTVEFOREFSRCUyMiUyQyUyMmNsaWNrb3V0U291cmNlJTIyJTNBJTIySVRFTV9MSVNUX0NIQU1QSU9OX0RFQUwlMjIlMkMlMjJjbGllbnRDb25uZWN0aW9uSWQlMjIlM0ElMjJqeFg0aG1QcXFaUEMydGY4VlczUzM3Mm9YWDMlMjIlMkMlMjJjbGllbnRTZXF1ZW5jZUlkJTIyJTNBMTMzJTJDJTIyY2xpY2tvdXRFdmVudElkJTIyJTNBJTIyNmJhYjA4NTctY2Q3OS00ZTMzLTgxYjYtMDY1NjRlNDM5Yzk4JTIyJTdE
4,The Oriental Residency,"29,626",Trip.com,https://www.trivago.in/forward/en-IN?forwarderA=fmCUYJhOvq5HhZUNYI57ETiZ2pTpm4DcsD53WdFp7tQJOIswYB7hJ8Tm3bkiM4s7fYY8lnTH9pFrIlQvwjmkhUPzUXRLajVxtmDpoMvGR1tsFBM1kTvsYuPMuMGMN69eN8kykJe%2FzEUemxIjpfHnwqbMKhf6hAbs6eFv1uWxN4ujBXA6s0t3L7m%2BSpajybcMDpsAsC0CjBRULBUACoRlDldNF4TrCjPavPf7ekWKAwORzQiW72Sk14tvl%2BUtzlMmwjkiMqoGao3I6q%2FmESjhQsPFKYcMSMtVL4H%2FPrLcLC9nNsMATTrKhnMwqNy2eZI5kdawhVICq25c9vL0zSNhUSJ4NKjDkqJSKHF%2FyltxjYjx2SPZG3hU5Y9KFMOC5%2BT7OaVvfC4%2F13efg4Y2sA%3D%3D&forwarderB=VdbBBzDlbzI%2FCMhe40YMlw38zBoYSI06qYwyMa0U%2Bz4QJZcxVM5Jz9%2FE%2Bui%2FamSzMBWPcMr9PDQr1d1Z3PspEqBbHj8tjRzkdsg%2Bk8GrkLqehvBtnAwJYKvyEYSpTRoDFyI1C8xgvLSf0Mf0t6rUCwDFmpDo8RqpqqxdJ5phVSmEgH3R6JZUCFxViCla9qK5mdWaR4ufwBgsg28ZOcIfqtus0ZCKXW3UvVsubguam%2F5Asi5syCoMwtijabu1E99i%2FKfVyHSz2DLuyFlC1cBGWFZdKW%2BVBpL5fKGdxiYBi8bX47BFPBytDHFCU4BDHw5EAZ4ux2xtHTn%2BO3yeVua40f5cXWaWWny8%2F09M0bUxVgzYej1juBkuPyIGFA4%3D&forwarderC=JTdCJTIyYWNjb21tb2RhdGlvblBvc2l0aW9uJTIyJTNBNSUyQyUyMmxpbmtMb2NhdGlvbiUyMiUzQSUyMkNIQU1QSU9OX0RFQUwlMjIlMkMlMjJwYWdlQ29udGFpbmVyJTIyJTNBJTIyTUFJTiUyMiUyQyUyMnBhZ2VOdW1iZXIlMjIlM0ExJTJDJTIydmlld01vZGUlMjIlM0ElMjJTVEFOREFSRCUyMiUyQyUyMmNsaWNrb3V0U291cmNlJTIyJTNBJTIySVRFTV9MSVNUX0NIQU1QSU9OX0RFQUwlMjIlMkMlMjJjbGllbnRDb25uZWN0aW9uSWQlMjIlM0ElMjJqeFg0aG1QcXFaUEMydGY4VlczUzM3Mm9YWDMlMjIlMkMlMjJjbGllbnRTZXF1ZW5jZUlkJTIyJTNBMTQwJTJDJTIyY2xpY2tvdXRFdmVudElkJTIyJTNBJTIyZjExOGZhMTEtNjlmYy00YWMzLTg3ODctNjViOGM5YTM5YWZhJTIyJTdE
5,Trident Bandra Kurla,"62,393",Booking.com,https://www.trivago.in/forward/en-IN?forwarderA=2Aeb3gIDVivQi8IyPwlxR0I20he9RNle0cPdCpsFg730P6Ixwjr7gf1tBbx8R%2FaTPen3IcflWYlbVu9CTVIt7lAfg16ghVICZj9iUxRs1VaeTP%2BU41bgurZLHDUMPXsbIuzOSm8Ho8igzBQKdYxWCq3gBUBTMiNt%2FSIlJCSZCegfZvWuhSpFvWH7GEh68i4muSgZbuiy%2FZ55dwc4o1VAIjt3zUthqJ98kshV6hLKCuT%2B3YwX81agm1s13Xvm9%2FYHjwkwto7wSeFKDiCA1CTpVNWF4yw3rFJhjKa4mVdd8JqFmW6oCDTBV6ghHlani8n0fYF03obA9Vv24xV0crHl7y04zXqFqJnX7fdhnFGdROr%2FcTAXTiBYSkKQT86Az6hL0TfxSZNICCDzlRNKAA%3D%3D&forwarderB=mDSaXWrP8Gk%2BQ3NJVXBjm8STrtAlMUnAbn8mmNr%2Ftc13zbxOb0a7iVMvDbf%2FQs82lIn3Yd8VeGVcK6t1VPH8pdQe8qP3Y2uhXKoLzt2MF0h0krtbCJBpXVHHjFotikNBzZ0FLFuh90t2l%2F9QLzXwq87R3fpUB6GDguoyqajkIiKODRRsvoLDiwcIXFm%2BUnsE9gK5pWnczrFw4eiiqAyiBZTrrW2RB0%2B8cnOdUw4sfGGRgmzxR2wbWjQuTs01JCiVOxlHnu0RqPnRsVZuuQzVCa6YRBgwjxZpx15OtOP9ar3S68m%2BLT3yU9RTX9Wjb3g3zRHb0Wheu3YCgDQ1%2BhbpHZkwT007nawZfzjq7IJGV3dA2dPdcxCgWBmOKOco3RW2M8uOpRE%3D&forwarderC=JTdCJTIyYWNjb21tb2RhdGlvblBvc2l0aW9uJTIyJTNBNiUyQyUyMmxpbmtMb2NhdGlvbiUyMiUzQSUyMkNIQU1QSU9OX0RFQUwlMjIlMkMlMjJwYWdlQ29udGFpbmVyJTIyJTNBJTIyTUFJTiUyMiUyQyUyMnBhZ2VOdW1iZXIlMjIlM0ExJTJDJTIydmlld01vZGUlMjIlM0ElMjJTVEFOREFSRCUyMiUyQyUyMmNsaWNrb3V0U291cmNlJTIyJTNBJTIySVRFTV9MSVNUX0NIQU1QSU9OX0RFQUwlMjIlMkMlMjJjbGllbnRDb25uZWN0aW9uSWQlMjIlM0ElMjJqeFg0aG1QcXFaUEMydGY4VlczUzM3Mm9YWDMlMjIlMkMlMjJjbGllbnRTZXF1ZW5jZUlkJTIyJTNBMTQ3JTJDJTIyY2xpY2tvdXRFdmVudElkJTIyJTNBJTIyMDI1MTFhNjItZDVlMS00MGNkLTljYmYtNWIwMWI5YjJjMTgxJTIyJTdE
6,Regenta Place The Emerald,"27,894",Trip.com,https://www.trivago.in/forward/en-IN?forwarderA=nucYyWUvjuhwG3SsnX%2FORrqBIGeJ30DuPSZ2rGipocRw7j8zt5U6fUOo4ADgfDCZKJ0W9Al2Nmz12L3zdiijxcWqO5%2BIl3hTTu6VMRG2Ornv1%2B%2Bhjp9SYxTKEcYICj6Ur52Z1Om%2BdWjL%2FfuUC%2Fkoa3HD2T8ZiCakg8bsgP97pMgBBg4GQNL8h6Ixu5NccW30MlsI%2BEsgvGJ9GlkUAc%2FJFqIleaAV6UXYwfAYCYBA09IQ3XL36ORImZq0u0Uw%2Fv%2FnrB9v%2FCJTSUTR%2BL%2B6dpPxClQ7GmLwsNsgPj%2FSptwNg3KTTW%2BnzXoz9I2dk0Wf6ppcHOH4BAgw2b%2FX7DkmTjXq5V5308wbxyeBht5JHKa186hr8mn9MFPWbkunizS10NgDz1m12eDe0IdhN%2FNu%2BQ%3D%3D&forwarderB=l2DT6ct2LIHl6CGcyNExeXt1jbM%2BxS76sQqXj0Ni3209cQJtt82mP%2Bm94nZdTCOry5%2Bjz91cEDJjh%2BbJDONeHiBj2vLKnorE%2FMZBoe0Vzg0c%2Fjp3frvNklsQx8C9H%2FtDhCOVVTQWkRjLl6bB7hfIkX3Tr6IiX3lVRiJNLCMoGjcqKR%2B4LbiUKlhADKULF5JU90CPEU8Up8Ripbd8LXmk4CWtvO0gGVdGiyow9n1HybFnNmL4jTMZwME6%2FaZRPQbSA7Z9b3GZgNajFtR%2B0QmaXj9N2Gsm6Sg2m7An2fkWI316xniDJKQOu2T4zpktZeb9Pwr9fQ2GpyySLBdG5GWKOyJNyC9aUDaeUx8GZ3s2L%2FWyxVxiKZGMG08xgUFq7qA5ReH85ObtPHB7&forwarderC=JTdCJTIyYWNjb21tb2RhdGlvblBvc2l0aW9uJTIyJTNBNyUyQyUyMmxpbmtMb2NhdGlvbiUyMiUzQSUyMkNIQU1QSU9OX0RFQUwlMjIlMkMlMjJwYWdlQ29udGFpbmVyJTIyJTNBJTIyTUFJTiUyMiUyQyUyMnBhZ2VOdW1iZXIlMjIlM0ExJTJDJTIydmlld01vZGUlMjIlM0ElMjJTVEFOREFSRCUyMiUyQyUyMmNsaWNrb3V0U291cmNlJTIyJTNBJTIySVRFTV9MSVNUX0NIQU1QSU9OX0RFQUwlMjIlMkMlMjJjbGllbnRDb25uZWN0aW9uSWQlMjIlM0ElMjJqeFg0aG1QcXFaUEMydGY4VlczUzM3Mm9YWDMlMjIlMkMlMjJjbGllbnRTZXF1ZW5jZUlkJTIyJTNBMTU0JTJDJTIyY2xpY2tvdXRFdmVudElkJTIyJTNBJTIyNTNiMDk0NzgtNTVkYi00MmIxLTljYjktZjMzMTUxYjM2MjIyJTIyJTdE
7,Hotel Bawa Continental,"35,155",Trip.com,https://www.trivago.in/forward/en-IN?forwarderA=y0Qv3GeaEkkavpRW281HNGdX%2Bdxor6fiiidDTw%2FR5qf1R3SM9mtx2STBWE29zKuLcuvq1RE1BzBbFMXHrw4v3U3QskEbCGBnfQluOplwfg5vT8xGB8yMv4VVCBzaGEVEZI3Qxa2P0VJtua8ybkYCU5%2B%2Bg7nPUF03pBg6w6pGFvS1%2BDtcYG5lDvIe0WnMR62tsdAhbohiI9xUr9pKyJq4jh8UZZpVAiX65hWwX0gPgztlP7sN3ZistIWLVNEyqEi8DOpNUFxtUtqfShuIa9CXAxl3wiIi%2F64EONpd%2FQ%2FUnNjt83HUfoqXtYNbFpOfJIALa%2BgMmfaqqq5Zo0koeNQsoLhz%2BHO1eYLcr6PN0G%2BnsqiExs0VMrKc6Pisp3HgvMzOwqUMM99m1xCEkgYu%2BQ%3D%3D&forwarderB=A4r2sUfFd6%2FsC1Rh8hRBCoM7agKNYrRi1dKx0hK1wGo7MKqnM2mUNqSAu%2FIKQ7pksy0rRRMdTVjgne%2F3oESghyoxG9dB%2BWCM7diG9pGg1pSE9NQY%2FYb62M7QLs%2BeHMj0%2Byco6MfVQcPgh7HIgspXMWeUw7GRi5vhsWup6u6u2YYMi4H1i2lt2iyxKkvPPMSzKq%2BaK3vCaOvwwb4dqjdeqTzM3W3iUyBEbNOpu%2FbNMcrkXXZcxDdSkXsnQ9sUXykybBTWp7Avrh3ZjvKKrKBy5xvkIj%2BahYoKmG7ke03QCHPx73XFiBGlGY7FkZiUy1ywlJJh5mTx60GAVH%2Ftd0JFaBoY5HuvSSyZlbhZDk7ztsmoHyIT%2BVul6YEHfIoIJCl5Y0TBs%2BeCt90aLoOYE5xH&forwarderC=JTdCJTIyYWNjb21tb2RhdGlvblBvc2l0aW9uJTIyJTNBOCUyQyUyMmxpbmtMb2NhdGlvbiUyMiUzQSUyMkNIQU1QSU9OX0RFQUwlMjIlMkMlMjJwYWdlQ29udGFpbmVyJTIyJTNBJTIyTUFJTiUyMiUyQyUyMnBhZ2VOdW1iZXIlMjIlM0ExJTJDJTIydmlld01vZGUlMjIlM0ElMjJTVEFOREFSRCUyMiUyQyUyMmNsaWNrb3V0U291cmNlJTIyJTNBJTIySVRFTV9MSVNUX0NIQU1QSU9OX0RFQUwlMjIlMkMlMjJjbGllbnRDb25uZWN0aW9uSWQlMjIlM0ElMjJqeFg0aG1QcXFaUEMydGY4VlczUzM3Mm9YWDMlMjIlMkMlMjJjbGllbnRTZXF1ZW5jZUlkJTIyJTNBMTYxJTJDJTIyY2xpY2tvdXRFdmVudElkJTIyJTNBJTIyODVmZTRlZTQtZGM3OC00N2JlLWIyMjEtMzM0NTNhMTg2MWQzJTIyJTdE
8,Rodas An Ecotel Hotel,"27,894",Trip.com,https://www.trivago.in/forward/en-IN?forwarderA=6u5tzMgqL1PVpiX%2FiiRD8DMh2HU76%2B6RvwqhPQH3Ay7%2BDR5567iYQDWiViitnzxaCEKvPbQ63LHglnynvhM0I3xYD8HzfLC8vH20YH3wzvIjzISHm2OsqkMP3In3PpGVVBuvyeTH2Qu31NX7tsjVaUvqP14y0PzV1sfv7bLg0T0JySS6TH6MKqu2Js49OhQp4ikigbrDhBtmOIhbxo%2BquvvwSlsG3%2BUUX1pl2f1gRBs9lT7ZO4Bi5jQfvqE0CgRXJQPEnUHZqE2PSNkuXSIWeK7QVW1r8rEUYgv8ocaw20kEmWOAHXwx51F81rU1xMg5r8QiY7VyzSFj1Oq%2BUOvDqn0xuNZv6YgHtxA8EeCDrl9TmwgZlbfQJTCKRum6fPYg4K5FREYYMQNYjJwIPA%3D%3D&forwarderB=v2Mxsf4nJk%2Fj9H%2B6Ec5kFCOznIPr3r3xIYvity3W2tFnJFgBRIIs0LnF7gtsfvFbxHUnCL5JP0ml1vpO14ROOZIeqeNOzJ%2FdkEZiOkFzkCpRlvA94UgZCI69p92qqES5gipinyjwNDju8BEPTtBtbzPi%2F6aLo5XlJyslwULlalcuaWR0hnAjmtgGXiF8%2FBxEUK%2FhvfIVq1Rp7Fw0NvoMxnpZgFhUbMVb%2BbRzWCLPN9AckPWJ4roxNdIfONzWftQeixU%2Fdc4imAaREnlDe7L9nBPgE01RuiHDJQDubhnd9CKVJIAD2CcSNvacKwKhgy9S7CJS%2FekvhDqUqmacEYAhN%2FpxpRXol%2FN39ULLq4MkF0foOdTcnV3%2FS0f7OM2gUp9KHZd%2FHq5aKSElDabrvVCMwwXLtW3ps5FRgPmBfgk%3D&forwarderC=JTdCJTIyYWNjb21tb2RhdGlvblBvc2l0aW9uJTIyJTNBOSUyQyUyMmxpbmtMb2NhdGlvbiUyMiUzQSUyMkNIQU1QSU9OX0RFQUwlMjIlMkMlMjJwYWdlQ29udGFpbmVyJTIyJTNBJTIyTUFJTiUyMiUyQyUyMnBhZ2VOdW1iZXIlMjIlM0ExJTJDJTIydmlld01vZGUlMjIlM0ElMjJTVEFOREFSRCUyMiUyQyUyMmNsaWNrb3V0U291cmNlJTIyJTNBJTIySVRFTV9MSVNUX0NIQU1QSU9OX0RFQUwlMjIlMkMlMjJjbGllbnRDb25uZWN0aW9uSWQlMjIlM0ElMjJqeFg0aG1QcXFaUEMydGY4VlczUzM3Mm9YWDMlMjIlMkMlMjJjbGllbnRTZXF1ZW5jZUlkJTIyJTNBMTY5JTJDJTIyY2xpY2tvdXRFdmVudElkJTIyJTNBJTIyYWM5NjgxMzctMzYzMi00MWRlLThjY2UtZmVkNjIyZjYyNmZlJTIyJTdE
9,Ramee Guestline Hotel Khar,"33,331",Trip.com,https://www.trivago.in/forward/en-IN?forwarderA=TNs9oELUkAxntINORHdOYG43DdWbOESkNDvCGYLixRVVQg%2FkduIwkK8C935bFMnqHyvEgXHXyUAj0E6hd5ksvYZzwnjkjaUJqjLD8T1xPGAK%2F0aC4LBm0tPxm%2FIdxS1VebmR%2BH%2FB9mgNPwev8RYbvs6cQWQb2TC0lnKnQQiHX%2BbYQSOJGrIGyItAF8aL6hZd86%2FsMRkYyIH3WM93OhLC0O17bz6s7v0L3at0mz4SvzeylL4nV9mrUn%2FjTlxI5%2FFyU%2F6kFOGrbydYfdqvknG6gf5tXZfFqpjP87HsuzUtyTNMVSAnSBiVc1MpYUnSSwFTd9Vmoi7V219W1LSz6UKJbqSyEzQ0%2B2vY5AAELMFdS9ECdVjxmgGHy0orQcTvKabDn3HUzoSwOuQlsBCYIg%3D%3D&forwarderB=FcfPeRz4ZptQvDPMbj47jq%2Fidm9GSdxTrNMD43j1TamUoinngG4pW95C%2FOnFBjicsNNqaInP3Mbh5sjzArFYOnYOSoPRMNkEf9oLo4M0GY8VcTHqHYG5HXh69c53fHar274JUk%2Fm0pUhoaUVOux8G69IrKQ%2FRorgvneXqtHs0tH6SMfgxBdmvAbDe4Lj4wVNNHlCDTpRPgvkUHinfJGEFNK38pJfBiW7zlpnFwnBuv0fmvow4XXKwvRoRm5FzgapAy3wWR9j0p5NbAMciDi73lrenG3jc8zwAuUV9tiG3lnd7ZhSS8smGgsarUUoFXRFz7zbRtBD13Tm4Ke9LKZjmJTbtFs3GeixzztT0Qj8mYoh1qDRXhvbqxSs&forwarderC=JTdCJTIyYWNjb21tb2RhdGlvblBvc2l0aW9uJTIyJTNBMTAlMkMlMjJsaW5rTG9jYXRpb24lMjIlM0ElMjJDSEFNUElPTl9ERUFMJTIyJTJDJTIycGFnZUNvbnRhaW5lciUyMiUzQSUyMk1BSU4lMjIlMkMlMjJwYWdlTnVtYmVyJTIyJTNBMSUyQyUyMnZpZXdNb2RlJTIyJTNBJTIyU1RBTkRBUkQlMjIlMkMlMjJjbGlja291dFNvdXJjZSUyMiUzQSUyMklURU1fTElTVF9DSEFNUElPTl9ERUFMJTIyJTJDJTIyY2xpZW50Q29ubmVjdGlvbklkJTIyJTNBJTIyanhYNGhtUHFxWlBDMnRmOFZXM1MzNzJvWFgzJTIyJTJDJTIyY2xpZW50U2VxdWVuY2VJZCUyMiUzQTE3NiUyQyUyMmNsaWNrb3V0RXZlbnRJZCUyMiUzQSUyMjNhZjU5MTQxLWJiZmItNGU0Yy04ZDAyLTMwNDEyMWNiMjAzYiUyMiU3RA==
10,ibis Mumbai Airport - An Accor Brand,"33,831",Trip.com,https://www.trivago.in/forward/en-IN?forwarderA=p02L0XWfY9rpf0MUOfZJEBYNuejxebwoCCnG1TpmJv%2FAxUcM7aW6aMXxBPfOeb7vFXtMuu5WYBWsT%2FjbWdDDguUYiQv0KgkZFyS9ZDQRq9UI23xA4fHMuWkWOiFx02ArSH0y35crHfPob%2Fu85TGRrFSogepLwPeXDQgpQplENcZQBbGF1fUSp7ItJJH%2FxefSlb0lwkKgdiphT91Jj3O9bzk76OOIPlmZ8kMFrJzfVwzCsjGM1A4p4cSkJ7bDrr7uj8HDtnH29ieYqCP%2BTe24oUalgTzkZ3B1Akzzu4%2Fk%2BSNKPQJT2J5HImW0j0DF7kHzu34%2FMBrqwyf2u%2BXcyY1T%2FWBjqsYdsF4WQA46W9HnYmvJSUM%2FPMKDwtnoaMRZh09A0s4qNGNjsBO9MvyEtQ%3D%3D&forwarderB=qXYe707C9Qet1915k5A8kz8%2Ffukw0vwGqwbtCe0F8guCnVX2q0oswtmxZ7D3UrOQ48ryFfI5TRv8CWPoWhl6%2BI3MFr1wtd0VY3uvcnTHjyDCK4TEnYfJoeHscI%2BzqU%2FSc4DJ4OIyRoX7Hb0Qppcr3fuEsdFgw7GRWEIcEjGHL%2B8jf%2FeriuipM02weCLgzrWpiNrY9UlVYgLmsGfER06GZ7HKd4SWkB5aIaVxoooKXqkKKqR8Untg7Tk2oEUjh4XHcnKapOKkWnYc%2Fvp%2FsNpxs%2FH4WyDCqTbONSoJHfVP%2FUgBcdlRJd5Blwfn%2FzIFOgK38lref932DEgjdNzsL0qifsoMQhB4THdELrEsyQ4Lpe4b8CR7kbhwpI6vmTdEzNnF%2BW8sjKItcY%2BovhhVasx4VYRv0fE%3D&forwarderC=JTdCJTIyYWNjb21tb2RhdGlvblBvc2l0aW9uJTIyJTNBMTElMkMlMjJsaW5rTG9jYXRpb24lMjIlM0ElMjJDSEFNUElPTl9ERUFMJTIyJTJDJTIycGFnZUNvbnRhaW5lciUyMiUzQSUyMk1BSU4lMjIlMkMlMjJwYWdlTnVtYmVyJTIyJTNBMSUyQyUyMnZpZXdNb2RlJTIyJTNBJTIyU1RBTkRBUkQlMjIlMkMlMjJjbGlja291dFNvdXJjZSUyMiUzQSUyMklURU1fTElTVF9DSEFNUElPTl9ERUFMJTIyJTJDJTIyY2xpZW50Q29ubmVjdGlvbklkJTIyJTNBJTIyanhYNGhtUHFxWlBDMnRmOFZXM1MzNzJvWFgzJTIyJTJDJTIyY2xpZW50U2VxdWVuY2VJZCUyMiUzQTE4MyUyQyUyMmNsaWNrb3V0RXZlbnRJZCUyMiUzQSUyMjdiZDk0ZjFkLTFiZTgtNDg1Yy1hZTFhLTQ1MDc2ZDVhY2NkNiUyMiU3RA==
11,"Aurika, Mumbai Skycity - Luxury by Lemon Tree Hotels","45,183",Trip.com,https://www.trivago.in/forward/en-IN?forwarderA=8USWG2kVRiBaiN%2BWQmSpLemXowzaRBehv3Gk57aE704ZFc5VnwW5BWFP3aB0RxwmHqIGlvQRtRwZfLz%2F63HRysyqGUW35z50eDrENv1DON8%2FajvGOzfNq6GHTeArwFz2422jvyVuIt6IXb%2FcvbeRmezYbid3wJxnGN5KDio9M6iWXAeXWgcdrzLjP7tchs1Qvo210aVhfHicCoppYhiEX7APq0C8kYHmVU4Yrk65CZ%2BkVF1zOAEE2ZKwSzHG5kolPjjX%2BfVkYug9tv277g5NbmIw2q3zg0Yx%2BFfkihIcfK3YC53%2B5XmGCKCkfLt4sA3TaFo%2BBQUJMImibIObfNkfTU0fvPqqTMEu%2F3cmYgoob4%2BRI9BOD7wAI2V0AITv0uP%2B4%2F2NhnoBtkg7UvO2bQ%3D%3D&forwarderB=0ophRuV6diy2lVLvuIY7IobDbBx7DZG7pSKOTxD2nt8qp1qyaHdF5zk3uGwEJvBNUuTO2tkaNAuuIhib%2BVp0HwfX6dk0KvIp526dDAlLfW%2B6xlG7SfqHOdTtm%2F8F9I3SO5o0KPKC%2F7BFEq78QUC1QoZ8B1W8GcdO1eLwHdFIBJKvpBWSdnTRt%2FfkJYLkOA6bZndN4BK%2B841ibvXLq%2BUCRKByl5iVptVVXTrEHUkBoOGWczlQIzRPFHzSVn8XAJH%2F7t3AmAkMSQAwanLHSou0qBLdTGzQSlXJpOByesAoiLExdx4e4rsi4kA2CTjA4%2BzbVnUeS5nelPGwejc3YuuhTJZ3Pw%2Fg8FiZuHpXrshZg3dnoaiS48VVAV0ZutCKVftafhS7&forwarderC=JTdCJTIyYWNjb21tb2RhdGlvblBvc2l0aW9uJTIyJTNBMTIlMkMlMjJsaW5rTG9jYXRpb24lMjIlM0ElMjJDSEFNUElPTl9ERUFMJTIyJTJDJTIycGFnZUNvbnRhaW5lciUyMiUzQSUyMk1BSU4lMjIlMkMlMjJwYWdlTnVtYmVyJTIyJTNBMSUyQyUyMnZpZXdNb2RlJTIyJTNBJTIyU1RBTkRBUkQlMjIlMkMlMjJjbGlja291dFNvdXJjZSUyMiUzQSUyMklURU1fTElTVF9DSEFNUElPTl9ERUFMJTIyJTJDJTIyY2xpZW50Q29ubmVjdGlvbklkJTIyJTNBJTIyanhYNGhtUHFxWlBDMnRmOFZXM1MzNzJvWFgzJTIyJTJDJTIyY2xpZW50U2VxdWVuY2VJZCUyMiUzQTE5MSUyQyUyMmNsaWNrb3V0RXZlbnRJZCUyMiUzQSUyMmVlM2Y1MjFiLTNlNjQtNDYxNS1hM2E2LWE1N2YxMWRjYzkwYyUyMiU3RA==
12,Hotel Bawa International,"27,435",Booking.com,https://www.trivago.in/forward/en-IN?forwarderA=ZJ1b09qTjPeNavOj8OL%2FOoQal8kagRvQbcDNMEqwEuItiCkL8zFOGj5aVqWxKNbDYIY%2FcJ6w46K9qOJEEodZmK%2Bez9RaT%2B3HfxSa7pRUNsRvtC1m%2FOpeap%2B9OZ5ru%2FFHZKv23SasId6Y%2Fm%2FAopdWIC%2BFL5BNsq3HOUcjKzs5IJW7D8MEw4VYipjcRuAFWTXTT80YPHcYT37WpnVNA9z1CcSnoxJQdwzNJ%2Ff8XPoiOcVSRgw0fJcrOt02a08vcLtQPVYqdzpwNflbGbSP8HSJxX7jhbVA3%2Bn%2FRIGIU0%2BT9QYKKTxUHnO79Hrx73BTIoPDwV5J%2Ft7KISNPZ5lgyYnBuSv%2BoYwqQfWFYddXIwnpdBFxE5m7r1cm%2FXffQ7xWyJ9dfCVyEPfDSh5PDCw3vA%3D%3D&forwarderB=xMPpjEJBZyWrLYlXoNDAZ3fbOzqZMVyiFpGB6n%2F3%2FegXNzZshooeh%2BYl4LkgtS4YAMdTKwGb4STLe1jWXH1zpXi3ZnV8OQ%2BCq5nwapmId7buGwrPiEh0yFu8Yj0P5hbVDmH%2B02V9ODgaPDZVegSwyTm4XBK0P4tTpYJ5CjB1rY0sCVaLy086hylDd6rJFa23AgcbfCvZ7vdETi2bv%2BW3f3U6OtFjV8xGjeJqpFzre9JvWnP6yKqvj1vO%2Bkq1zEkBkUbsnY9UjDLoATPUIRN29vo%2FlkzG%2F%2Bl5L7c5FvfY25OOh8Z5m8MQkE57EvzgofDEyGDCrKg5HnTXILZ8xyt1SGAhNLDtVO%2FAdbDmhwR%2F6Mvf1kL6C2tGuiHEs3dtGRPEQu9kXD86%2FmcWfA%3D%3D&forwarderC=JTdCJTIyYWNjb21tb2RhdGlvblBvc2l0aW9uJTIyJTNBMTMlMkMlMjJsaW5rTG9jYXRpb24lMjIlM0ElMjJDSEFNUElPTl9ERUFMJTIyJTJDJTIycGFnZUNvbnRhaW5lciUyMiUzQSUyMk1BSU4lMjIlMkMlMjJwYWdlTnVtYmVyJTIyJTNBMSUyQyUyMnZpZXdNb2RlJTIyJTNBJTIyU1RBTkRBUkQlMjIlMkMlMjJjbGlja291dFNvdXJjZSUyMiUzQSUyMklURU1fTElTVF9DSEFNUElPTl9ERUFMJTIyJTJDJTIyY2xpZW50Q29ubmVjdGlvbklkJTIyJTNBJTIyanhYNGhtUHFxWlBDMnRmOFZXM1MzNzJvWFgzJTIyJTJDJTIyY2xpZW50U2VxdWVuY2VJZCUyMiUzQTE5OCUyQyUyMmNsaWNrb3V0RXZlbnRJZCUyMiUzQSUyMmE2MTc2ZTIyLTJjNDctNDg5Mi1hYzM1LTQ0YWMwZGI3NzE0MCUyMiU3RA==
13,The Fern - Goregaon,"35,742",Trip.com,https://www.trivago.in/forward/en-IN?forwarderA=Kety4aU6QGn5tO6up34cPHkJSDj19nETygCF20w5TtzGz7I82y4BCBK2THqyyrFikdCTb5ecVeua6YJxeJLwK3P7DTv%2FJrJ63JHWFN8KcjytnwslQi8EF9aqA5txl2HB9EhOptlgd4J13e79Nuwb65Ubre2qixyresaH1jTd7eOEv0qwfOiT6V6L46mHihvM%2FaQjaakUo80mwR94tgVTCB4NkWN0BZ1m6t6sUMRVkiSeEmVwYZrCNurJVjBNUr7lKc%2F9S2KEqzHR4sxXFnnaqkYky%2BeZyaqJch%2BKiLuzjyyMvhEGTxEkWpEG4Fcd86l0s9MIzvHCgdc6jarXPTVpEzg5rT0AjwIoZ7w%2BXQ1%2BnJWQgpfUAGkCvRv916P5XCXl%2FE6%2FwiJLEXzGR9lMIQ%3D%3D&forwarderB=FXJpnFPf%2FvJQ1Quh8iE3njGgKEC%2BjYyAn%2F5wyIp51u91%2BgNjEulBRbmVRbDFLSrc6Go3E1s%2FLZMg%2Fm0%2BiFg1pE7ID1LGwc9Aiq8pGK4JZ042cp5t0p5pvzllQLoBMu9W2b1RnhWbiJvTSfTcMPqRPSg26iU7bO0Zk6tCl8daKoS%2FBmJDvwiMsl1cLy%2BjpNkD4ZTM2M5IqkKtmS0kw3cb0g9ToN8k4AY4gwOF9rrycKMX%2FtxzPcOObvJcddhvJZDlmGbcOQmVnHQt3k1fEWlhVQsaAX9eIjlSs8yW1VmlzV%2FdJyRLamQrGJUVOJJMOaWJ0tk8exbJUTcwzXCLb1WGxDnk%2BRiYO0eOiTfZexm%2BY9RUVruvfkKUH0440ff15Ct2nwo%3D&forwarderC=JTdCJTIyYWNjb21tb2RhdGlvblBvc2l0aW9uJTIyJTNBMTQlMkMlMjJsaW5rTG9jYXRpb24lMjIlM0ElMjJDSEFNUElPTl9ERUFMJTIyJTJDJTIycGFnZUNvbnRhaW5lciUyMiUzQSUyMk1BSU4lMjIlMkMlMjJwYWdlTnVtYmVyJTIyJTNBMSUyQyUyMnZpZXdNb2RlJTIyJTNBJTIyU1RBTkRBUkQlMjIlMkMlMjJjbGlja291dFNvdXJjZSUyMiUzQSUyMklURU1fTElTVF9DSEFNUElPTl9ERUFMJTIyJTJDJTIyY2xpZW50Q29ubmVjdGlvbklkJTIyJTNBJTIyanhYNGhtUHFxWlBDMnRmOFZXM1MzNzJvWFgzJTIyJTJDJTIyY2xpZW50U2VxdWVuY2VJZCUyMiUzQTIwNSUyQyUyMmNsaWNrb3V0RXZlbnRJZCUyMiUzQSUyMmI0M2I5OGIxLTc3NjktNDk4Zi04NWU1LTM0Yjk4YjFlNTI5YSUyMiU3RA==
14,"Fortune Select Exotica, Navi Mumbai - Member ITC's Hotel Group","27,035",Trip.com,https://www.trivago.in/forward/en-IN?forwarderA=9cKzdhV4rHf2LcNsniwyZ8TCjFixs7C6q1BcP6qO%2FpO2qwzwsbZ0H2ZEuIfJOMXmMNyStEFwEkD4NmctlOqSDTW8HGEn1rk%2BmyfZf14%2F6Jrlo5C%2Bmd6lGtbGksBIBy5KO0294wwvegqlnvX9b77wrnZ7ZFe6Ox%2BkIn0oL5Ux5vQrUNmV2nFPnIuRm2QyyWYbgujbs73bnp3qSMeubPmVZOtXits%2FFEB3keayl%2B5PabUmecx9WPT6vm28RNxwIHRh7JeDaEeyYwIPKW6Yo3bkW3L%2BAyGpCvr6AxCVGTdfKNoBAdnG8HDRjKyHITsj%2BStS3jXMolPctA%2FY5W6lj2jXKCE%2BRk4lJB0tLkkRdvF2UT2xEr47wQ2f8OiLsYx4KKxwV9a3PeXhHMPVeCUTCA%3D%3D&forwarderB=nRfnY%2BvW9q7ruT4ZUaXJ4%2F1LcUaEWRLKXCDoZ7sV43ocJSKoniTJO0jmowwQ1V2BIF0Hrw9uWv60q5j%2FWzDyX6m6tzEg5d8MKjEBTFZUrYb7r%2FfrGGbo61FF8nR6juRx9HtFQuxjWcDLOxngwI%2B8VWuIHLFvZAc2p9m3bOPc0VVMZ0N5AxPK8tMefKaeABqLkz29yJis2238b5FclDauqtES9xk2dYIQQW0tw7o0uHzNDIaeQE5bmEpXuICJ4unFVHPy8%2BpZnliGfBoZ6lwi8FaQwU2aL2fkSJ%2BWcqD6s6qxQiYljWF2R3z%2BbNYuggZd6Pq3ioDd41XRut1aYUhkb0pt%2FaRxoOdKm%2Fh%2FOonOU9ACMb4w26dGpvjghsIEXLohBKNbcewCbM6XG%2BZoSLqFt5Q%3D&forwarderC=JTdCJTIyYWNjb21tb2RhdGlvblBvc2l0aW9uJTIyJTNBMTUlMkMlMjJsaW5rTG9jYXRpb24lMjIlM0ElMjJDSEFNUElPTl9ERUFMJTIyJTJDJTIycGFnZUNvbnRhaW5lciUyMiUzQSUyMk1BSU4lMjIlMkMlMjJwYWdlTnVtYmVyJTIyJTNBMSUyQyUyMnZpZXdNb2RlJTIyJTNBJTIyU1RBTkRBUkQlMjIlMkMlMjJjbGlja291dFNvdXJjZSUyMiUzQSUyMklURU1fTElTVF9DSEFNUElPTl9ERUFMJTIyJTJDJTIyY2xpZW50Q29ubmVjdGlvbklkJTIyJTNBJTIyanhYNGhtUHFxWlBDMnRmOFZXM1MzNzJvWFgzJTIyJTJDJTIyY2xpZW50U2VxdWVuY2VJZCUyMiUzQTIxMiUyQyUyMmNsaWNrb3V0RXZlbnRJZCUyMiUzQSUyMjIzZjUxYWZlLTNlNmItNDFjMC04YmY1LTU1ZTk1ODY4ZjQ3ZCUyMiU3RA==
15,"Four Points by Sheraton Navi Mumbai, Vashi","38,940",Trip.com,https://www.trivago.in/forward/en-IN?forwarderA=Y1HxTXjxUpJ9kRrgFjVobLsS%2BlTr6ox0V7kQVtt6lvH%2FecXBE3Xxt0NYuyqe2hyyJWyBe1F6zFBvUuu3xJ%2BkrQKvPIL4F80iwhsTSufj88mlmL%2F0YUpINZBYRGgOWAeWLdCYy6kW4W6nnIGLnPIt38b1%2BK5Fo7wqQpRLnWOwIPN6GYU4iHr17XhAqoBgvybfKSbaZUbbrayUnYnqVYlJwyOJUKMRbGguHDcUEhMW0Umcoepn%2FVO7w6FOTUxVjzAEEGc%2FKZOV9%2FObMXnUT8%2BVDv20THvGQgltbYZUJU9xQqxYRgX7lbG5xCUYpYNsR4MbzMaZ%2FuEFKOXO%2BsKAsf0vRCzMnMOTQzHPENxA7wDfMgpcOViMXajn4wL6qEyimr5Dp0I4BZ2C7Eeg%2BVC7VQ%3D%3D&forwarderB=ERKMoW5sfyTT4dSblA%2BTr8%2BqZEux33RzqyLACJKcBOo7c4TZr9O7buAvCKP8NiKoedGzcPykar8BeiVNgVchrbXyFk3RA7T7mdszlr%2FGYuLUbPj2rS5sJeVQLWNxPyNIaBUDxBIIRHzevoD5GVOPmHUEurLTQiuYjYQaw4BNEuApdGiAUzqY9ENeFk6VGJXSeA37S1Q7GV6XnR6saUqNdJDLtxkVPQM4iNtgCzj1fpwtQnRM0Cd9wnOZWkNHPJGXgMkkMhDfxm476KlwG3CnX57OTw9ZoOF10ZRLbeEg4kufGVR%2B7eMqs97XtGu9qrNq%2BoEeDZRpZeTrXilABwH%2FYFyBpUSmlPu6j%2BIOHjSbfltl0GEH8CviTNxZyn5qhH3xAw8NnrElEzUt6r%2FLXbPfGCSs&forwarderC=JTdCJTIyYWNjb21tb2RhdGlvblBvc2l0aW9uJTIyJTNBMTYlMkMlMjJsaW5rTG9jYXRpb24lMjIlM0ElMjJDSEFNUElPTl9ERUFMJTIyJTJDJTIycGFnZUNvbnRhaW5lciUyMiUzQSUyMk1BSU4lMjIlMkMlMjJwYWdlTnVtYmVyJTIyJTNBMSUyQyUyMnZpZXdNb2RlJTIyJTNBJTIyU1RBTkRBUkQlMjIlMkMlMjJjbGlja291dFNvdXJjZSUyMiUzQSUyMklURU1fTElTVF9DSEFNUElPTl9ERUFMJTIyJTJDJTIyY2xpZW50Q29ubmVjdGlvbklkJTIyJTNBJTIyanhYNGhtUHFxWlBDMnRmOFZXM1MzNzJvWFgzJTIyJTJDJTIyY2xpZW50U2VxdWVuY2VJZCUyMiUzQTIxOSUyQyUyMmNsaWNrb3V0RXZlbnRJZCUyMiUzQSUyMmQ3MzgxMWFhLTVkNzQtNDM2ZS05ODNjLTg5MmYwZTA0NTg4YSUyMiU3RA==
16,Ginger Mumbai Andheri (MIDC),"19,020",Trip.com,https://www.trivago.in/forward/en-IN?forwarderA=qm8TAaZNAatdLwr4kjQqTodHKSl0Bj%2Bery9C%2FJouAMV2f2piY5Wnyw70HZPkrpacoQ06cffFprleY8Wb7dRsEMQzBLBYobSl0W0hfAWi3WFRxWfeUejGO7ONgddgxvXdCru2mCS1f%2BveZRbY771H%2BvbJUpKuuTB45zhTebjewDJRrpRj4Oc4DVfPeDlgs3tGHGoGj3%2BLBFGhyau5%2BuHbcRuTWQ1qwjLWhzQH3OXCJ8VBgAIYHD0I4%2FxtUnoMi8nEVOagzdV6HdakJz8Iq97UIgESE8t%2FcsmLxyQSnJ4L%2BWydHxYEr%2BYDyw0%2BSttrago3EcnXeuvq7S4ZbonPzOWA3eo%2FQkNLu21rfATXgP27CPUo2iSr2OE6mFgB8VdSfSuAQ1HsTlL17H6NG8cJPA%3D%3D&forwarderB=RfsoYDcuItLE6dMm%2BtRujdKjUesO29pMFwJ59R1xJlehp%2F%2BJ5DlvtPGEbja3NkN%2BD4687Kc52LjY5QY7VZQXFkszsvGCq4gp3wZOjsFBOSfzddr19dIB3s50ETW7hPuRdjtCIj0VN11njajlxqAHRs0Hb02QK9%2BMhyyxIFfGiPmDZh2uWGgxJadsdzjWbJIlBHn2u98CeDlx7VEDhcWmVFv8GDhhuIBCjMvsbT96TadQ5GazCniJ9EIJeheeXS9tAl066mXuYbp97cFwlMneORw1L84eCPHgJ9fsnl4IuL6pLFzuSnmXqv2IiwcNRIqwCS%2B5GRFuTr8N3LG8LQkJt10vkwG6G6Gg70w%2BKah6BnaQEfLb%2B2FlYTqeRl46CA4qt80d7alxgdsxSa2iXvLnXUZETQ%3D%3D&forwarderC=JTdCJTIyYWNjb21tb2RhdGlvblBvc2l0aW9uJTIyJTNBMTclMkMlMjJsaW5rTG9jYXRpb24lMjIlM0ElMjJDSEFNUElPTl9ERUFMJTIyJTJDJTIycGFnZUNvbnRhaW5lciUyMiUzQSUyMk1BSU4lMjIlMkMlMjJwYWdlTnVtYmVyJTIyJTNBMSUyQyUyMnZpZXdNb2RlJTIyJTNBJTIyU1RBTkRBUkQlMjIlMkMlMjJjbGlja291dFNvdXJjZSUyMiUzQSUyMklURU1fTElTVF9DSEFNUElPTl9ERUFMJTIyJTJDJTIyY2xpZW50Q29ubmVjdGlvbklkJTIyJTNBJTIyanhYNGhtUHFxWlBDMnRmOFZXM1MzNzJvWFgzJTIyJTJDJTIyY2xpZW50U2VxdWVuY2VJZCUyMiUzQTIyNyUyQyUyMmNsaWNrb3V0RXZlbnRJZCUyMiUzQSUyMmVlMzcxY2FiLTc1ZDctNGRlNS1iOTE2LWIwMDk5NjY4ZTU3YiUyMiU3RA==
17,Hotel Bawa Suites,"32,745",Trip.com,https://www.trivago.in/forward/en-IN?forwarderA=hlRD%2FAl8OYKwIxuHK36Iaj6YlDUme2QE7bHX1h4DGXBSzMtZFNZcmZ%2BVDl0cctt1c8v11SgAPfv2Tm31EZI9vEqeYsqTs4CrxHaxBSx%2FEiQOcLDx9lkpJKhPKtRxUqjkqlUMQoqsL1F7jzSPLZOVbv%2FIqFsQid2UabuBxnZA%2Bfz%2FdtVcP4m200ZcB%2BzJlosA9VBLlvn0vi23X3Zye%2BOUwKZHuQyHfvktcrdLO0H%2FXu7sX5Igg3WCy%2BiT04ELUEjBsTVrpS9kyIPz6YHSOIU3AChDDem0xE8SHs3IfoKoQHMr65ZqEDRCbbV4Lxb2%2F2aS1EpLjVNYsyyWvXax8vbMFQE9NLyh7z0VhuxzVsNhtoSzwQdgCPwVJA9AztkyVwb80sfjOK5Z5wYKYmPrXQ%3D%3D&forwarderB=snLJY6nSp%2B3LBu5ysnF1bTADnEiVra2j7FPq2pex7lUyUDWQDUQ6qLG7hh8K88MFsVhET0x4yFAOeRnHCqVTVfKkwIsLx6Xl0fTQpTln3BEQ0Ju7WcwjIk5d8H01rxnbEhJdr5IkKjtjkj0%2Fa5Jbcif97UqW%2Blvo8fmBxA%2BcIf8edIyv6urzaSXincAuAOOCpTNRgMlu7Pu1dRhIlPI68vr6WZVVGbhSoq6fQil3azYfU2wOP9CqfUlNNPfL4ECRuWx%2FInrZpkaRHgy8UxDJ7vqy8kqwuoOK0yAn0YL0gGZ8zRGowpwxRppfu8K1dKV0Q%2BuDJAMUPr9Yr%2FbxEZ3iitRucpEpuMgbGu9Vilg7hhyl%2FnbyHzXnKi274%2B1jDxxBHE266S1DSAcqHw%3D%3D&forwarderC=JTdCJTIyYWNjb21tb2RhdGlvblBvc2l0aW9uJTIyJTNBMTglMkMlMjJsaW5rTG9jYXRpb24lMjIlM0ElMjJDSEFNUElPTl9ERUFMJTIyJTJDJTIycGFnZUNvbnRhaW5lciUyMiUzQSUyMk1BSU4lMjIlMkMlMjJwYWdlTnVtYmVyJTIyJTNBMSUyQyUyMnZpZXdNb2RlJTIyJTNBJTIyU1RBTkRBUkQlMjIlMkMlMjJjbGlja291dFNvdXJjZSUyMiUzQSUyMklURU1fTElTVF9DSEFNUElPTl9ERUFMJTIyJTJDJTIyY2xpZW50Q29ubmVjdGlvbklkJTIyJTNBJTIyanhYNGhtUHFxWlBDMnRmOFZXM1MzNzJvWFgzJTIyJTJDJTIyY2xpZW50U2VxdWVuY2VJZCUyMiUzQTIzNCUyQyUyMmNsaWNrb3V0RXZlbnRJZCUyMiUzQSUyMjlkY2M3MGJjLWRjNDktNGM5My05NmJkLWM3YzUzZjhhMmI1OSUyMiU3RA==
18,"Adiva Residency Beacon, Grant Road, Mumbai","22,353",Trip.com,https://www.trivago.in/forward/en-IN?forwarderA=r6YjMTa2jwifqm0P%2BISG1o8UHLm%2FEdX0uc2s0ENWIOGOTk8TfOn6%2F1HAt0kVY3zORAil8pYq8S2mlMnukMUw4MHIFyz2DSzwhpGmqbfkHVnkSGvEvD3U6O%2BZIbtSIXlcKaP3vamgVdmeKEaO2jXbTPf1SlxrkTck9vL6U7nP9wgAFa%2BTIs2URyu2LmdQ7qPP8edW2fybpopc7SWibSM1MbAbNHEJfYgLB%2BRrFk%2BkUm5R6f%2BgIfVGv6krKUCnjK1kBAPlggdx7Bx5MFkqS6pzVmAhzQmoFilKlRKqs4VGkx4GAMZL5eNge6pA8aHIfQEWiNzQuH0t%2BMDCgU5UuRJVMtDJ0OiL3eka2lKF3G9t1DmSZfzVvM1fkUFckbzD6GWXNkwvcOGPpBgKclx%2FMQ%3D%3D&forwarderB=G6QbWH09HQqAXkKjF9xlu6vz9SzafwlFHswqIAWeFbvivSOTdpaV%2BGUiF349ravGa0qGp%2Bscf348ECZAz4izHyDT5PCSczvwbmZCI7MRNjBjojTPiICCv3ZYMrcQBQ5nleAd3U1D9q35aSO9v%2Fid93G1DLiYK2X%2FxOUEOksX%2FgcdTD2RpJUliPJuIlGthFeN2z1GsKzuaC6cV%2BIwhemrnnUXujQ4B1AiuqlYfRhSZ3O18l%2F4NXrArnOTJDLS%2BQzAzJPoKkaprX8fPQvMSGp4gchfwZO9GBGm5QVscRtDHn2nSohua2nHUUJPjtwZMkwH6leTc9g3Yl4cSDjaQA3EypJznlhkOpt18UBf%2B7RnWeWY4RsuOqhkzUhAepuzRiB76JGL&forwarderC=JTdCJTIyYWNjb21tb2RhdGlvblBvc2l0aW9uJTIyJTNBMTklMkMlMjJsaW5rTG9jYXRpb24lMjIlM0ElMjJDSEFNUElPTl9ERUFMJTIyJTJDJTIycGFnZUNvbnRhaW5lciUyMiUzQSUyMk1BSU4lMjIlMkMlMjJwYWdlTnVtYmVyJTIyJTNBMSUyQyUyMnZpZXdNb2RlJTIyJTNBJTIyU1RBTkRBUkQlMjIlMkMlMjJjbGlja291dFNvdXJjZSUyMiUzQSUyMklURU1fTElTVF9DSEFNUElPTl9ERUFMJTIyJTJDJTIyY2xpZW50Q29ubmVjdGlvbklkJTIyJTNBJTIyanhYNGhtUHFxWlBDMnRmOFZXM1MzNzJvWFgzJTIyJTJDJTIyY2xpZW50U2VxdWVuY2VJZCUyMiUzQTI0MSUyQyUyMmNsaWNrb3V0RXZlbnRJZCUyMiUzQSUyMmY3ZjdjNzRmLWVlN2UtNGNiMS1hNjRlLTYwZTdiNThkZWFjMiUyMiU3RA==
19,Oyo Hotel Airport Metro Near Chhatrapati Shivaji International Airport,"10,295",Hotel site,https://www.trivago.in/forward/en-IN?forwarderA=eE1o%2FePOcM%2FKDImYJ%2FSI%2BUeJmGnJ210Bie0um8WkT16jpTOhrAfsVW1go4W7SAttipwRT%2By7%2FS6k%2F4bfxVxu3rR659ADA4c1yj1yUtGGQJfZTmSPokMsDaX4aqgVkkSSysZNVSY2X329Pqk1i7hdn3uSguDAIE6vWmKsHqqNQDeBQV2S88hyg%2FNyP2P4N23yxDr4rqznBEau9FQSZ9I6AbG80kU%2FgOM9WVvMIyWfmt%2Fm5CLKT10Azn8AAgvUoRAh%2FnzxgjsYEColr8GAyBgaVhVs69OAcPwjidlhdo6XbfzDFQMSRkWqoqa1nd%2FtJfvqM2bH11GJ1gYDdghyD2Mal%2BUJR0FoCkPZphUlKeQwrFCH5PiaQR39eY7Y0wqSMoQ%2FrfyQUIl3FGXQgcwuIg%3D%3D&forwarderB=sHkn9W8FvP%2FfskMPVnwncqGAHsE2f6ZqFtKjWdW%2BuCzVWTrBV0Q9%2Bu492G4sO5Blcz%2Bol1zaI4PhqDvmnj4kVS2HX%2BNPcH4OQQDTrUvcic44RzIjwLTad6PEdPI2MajIzVd%2FG6vCg0vk86v8ZB%2BgGjFO%2B32YdJtkoRuNecZOAJ24Gc3Bn2hQ%2FEAxfYzd2xd3DlbsR6oiSF%2FxTBEmT06DtWS1xyJJl%2F%2FM%2FiONKtNT5Jjk%2BjVPlCjTqtcT%2Bpj8HhkLGJ90itXRnHZs1nb%2FUudjT1Or4iuvpKPx0Nzvrw2V%2FfwGm4Pl%2FSa%2BvqsX1RFHLIQcikd9GG5wfv7RCnzKvU3inzXnMy5pMn6qMZBRDeDY0POKkBHaleoT6Eu3rA%3D%3D&forwarderC=JTdCJTIyYWNjb21tb2RhdGlvblBvc2l0aW9uJTIyJTNBMjAlMkMlMjJsaW5rTG9jYXRpb24lMjIlM0ElMjJDSEFNUElPTl9ERUFMJTIyJTJDJTIycGFnZUNvbnRhaW5lciUyMiUzQSUyMk1BSU4lMjIlMkMlMjJwYWdlTnVtYmVyJTIyJTNBMSUyQyUyMnZpZXdNb2RlJTIyJTNBJTIyU1RBTkRBUkQlMjIlMkMlMjJjbGlja291dFNvdXJjZSUyMiUzQSUyMklURU1fTElTVF9DSEFNUElPTl9ERUFMJTIyJTJDJTIyY2xpZW50Q29ubmVjdGlvbklkJTIyJTNBJTIyanhYNGhtUHFxWlBDMnRmOFZXM1MzNzJvWFgzJTIyJTJDJTIyY2xpZW50U2VxdWVuY2VJZCUyMiUzQTI0OSUyQyUyMmNsaWNrb3V0RXZlbnRJZCUyMiUzQSUyMjQ5N2YyOWZiLTllMGQtNGEyNi04ZWMwLWQ1MDgwN2E2NjU2NiUyMiU3RA==
20,Courtyard by Marriott Mumbai International Airport,"47,790",Trip.com,https://www.trivago.in/forward/en-IN?forwarderA=%2FJUVYzAlVFS9nY4A%2FZ%2FHlHtgTz3iTq4Nu%2BUFFuczscGv7iNNQo2w%2F%2BJxcu7Z9%2Fm8sWNWeab7CpfAhVNC%2BzVOvIVJ7JX5AcwopVneYJBQ4ytQHc2in92ZPEP1RxKV4S%2FnT5kl8NmxEdl8vqRIOKq4Mcmw1dgRmqA9PmZtliyYapPwKXRZPgJKoVv3j9UTHi5UzCierWt4S67E0KhIdbLPrCzANyKAQVhY5wqkieF3LzcejOG%2BkQ0nA1%2FAtD4BlLZ3I4Dcd1usHGfO2Fl32l41kSX%2BO3FJksa6lifxJ0b2yKrhNTwVuVyIEqi5F5%2F7QCDZvkU7DBgelBT8XdVdIzN3261CEkvmYHsg5%2BwhYudk8%2B6vRmuFfFdxEACQkyDXFss41h4vo6iN3ro0Lev5DA%3D%3D&forwarderB=r4%2BF8FJAzLgjH177DoLAV0SXKOfhrH1drHi0HVJ0%2Ftem3bqvYYEbA26pwxcW%2BJvENtpUA%2FogmlfsTNYDnwYwTPtRCKxKAC%2BoXe5N5KR4g4KWA8L21kxk7ctnNz%2B8kDYzqdpHYlRm6R9DeYwb486Sb%2FUf2utVPvpNkGRxsNf7pLNOQsNgtm%2BumsyiPoXiL3u4386ntDAQFKEAg0bqFT8UaGN5gjDSDtGYiCqw2HQxNL1NRYANX65xhDdAlVFCZeWeylFWkGlMUY8HDrDmyVl%2BS%2BfYsrpYgkOGMcmLK7JUbVaLgJ0g2pvyU4Mm45e9J1an393tceD30syOGzE5nKYWzJ9HgoYS%2FSljtTvYLbRurWUKUlmYx2MI2qc9OZfFWTreAQOTfz7FzFs%3D&forwarderC=JTdCJTIyYWNjb21tb2RhdGlvblBvc2l0aW9uJTIyJTNBMjElMkMlMjJsaW5rTG9jYXRpb24lMjIlM0ElMjJDSEFNUElPTl9ERUFMJTIyJTJDJTIycGFnZUNvbnRhaW5lciUyMiUzQSUyMk1BSU4lMjIlMkMlMjJwYWdlTnVtYmVyJTIyJTNBMSUyQyUyMnZpZXdNb2RlJTIyJTNBJTIyU1RBTkRBUkQlMjIlMkMlMjJjbGlja291dFNvdXJjZSUyMiUzQSUyMklURU1fTElTVF9DSEFNUElPTl9ERUFMJTIyJTJDJTIyY2xpZW50Q29ubmVjdGlvbklkJTIyJTNBJTIyanhYNGhtUHFxWlBDMnRmOFZXM1MzNzJvWFgzJTIyJTJDJTIyY2xpZW50U2VxdWVuY2VJZCUyMiUzQTI1NiUyQyUyMmNsaWNrb3V0RXZlbnRJZCUyMiUzQSUyMjUyODZlNDMzLWVlNjUtNGQ4NS1iNDdmLTAzY2MwYzIwZDQ4YiUyMiU3RA==
21,Hotel Parle International,"15,160",Agoda,https://www.trivago.in/forward/en-IN?forwarderA=eW0DYTv6oTvwUv3%2BQX%2FNOlHpu7NinYGGtEB%2FMI69lp0gTGUtWGJT2mhlBE1%2FS5VKAHC4cOucJNtNso2Zg7U8yM7eHP2Gw7%2F36SabMfXYO0XftDYsqEwwLDTSKhNqR5qur61PvZFKrcIitwuO7RuJpEiW4zctofFcopnxIgc7Q%2BazVo5IanJfRLnQhcIaKa9gmughHZhtr2EwqyfYPWykKe1sDz%2FEn5hHw%2BfDmUah0bUJXb3vfYqEz%2BcnZ%2B800LD%2B55lAXqdfMDWkX7hUqZhpAedhdcjJr6JNU6kQ2H8g8zi64CzFx91ld6oPyF0zZDzqEtxMdHzC%2FgkymP8WArJesvXHTGXFSTegyr62miUAwCKQcbcmQd2nsgIlQJOrOAyNfMGyDo795hIT7jQvZw%3D%3D&forwarderB=LjwFkMBXtKmqpC9nLgd%2FH%2BtwWIrrMl4fu8BMp1M%2FXdIDtIy2d1HQ4pTTe9ha1OdiHW4TOfgRath%2BCqvdWqnwz6QgVWFgH0K%2F821r550Yi9FcSdE5%2FbtXQBR7I%2FdIpfqSRdqYrOJiOdpP9RtHJ5j7ux4u4BW%2FJMK9smq2adqPD6eU2F0dQ%2F1H85%2FsCyHAXF5ZhO9%2Bej6dlD1jWvTSuCDlwyrKt%2B2p5YBpOT5PDE97W3OQYb6sGXrPa2W75Q8ere4Qf7FxEZJtVe8KxUKRHCm0lWmfhRyPk72Ler33bzyyAm1v7bJKMUApSUZDlJz3hiMlbAYkVZ7hsC7DYwWZ5ZiKjiMrTJ%2BDZf8iokCEPyNtsFDjtUrTVdFFnaAXefZu%2BO4%3D&forwarderC=JTdCJTIyYWNjb21tb2RhdGlvblBvc2l0aW9uJTIyJTNBMjIlMkMlMjJsaW5rTG9jYXRpb24lMjIlM0ElMjJDSEFNUElPTl9ERUFMJTIyJTJDJTIycGFnZUNvbnRhaW5lciUyMiUzQSUyMk1BSU4lMjIlMkMlMjJwYWdlTnVtYmVyJTIyJTNBMSUyQyUyMnZpZXdNb2RlJTIyJTNBJTIyU1RBTkRBUkQlMjIlMkMlMjJjbGlja291dFNvdXJjZSUyMiUzQSUyMklURU1fTElTVF9DSEFNUElPTl9ERUFMJTIyJTJDJTIyY2xpZW50Q29ubmVjdGlvbklkJTIyJTNBJTIyanhYNGhtUHFxWlBDMnRmOFZXM1MzNzJvWFgzJTIyJTJDJTIyY2xpZW50U2VxdWVuY2VJZCUyMiUzQTI2MyUyQyUyMmNsaWNrb3V0RXZlbnRJZCUyMiUzQSUyMmQ5YzNkNmJjLWFlM2QtNGI2YS1iNDFhLWYxMWM3Yzc0ZDg2NCUyMiU3RA==
22,The Sahil Hotel,"37,985",Trip.com,https://www.trivago.in/forward/en-IN?forwarderA=e0oDrXF%2F%2FabQeZl1xD5fDPFD%2B4xEH7do6lNsvmTbN5CAIDjhj8Zrc0%2BITONm6DvXBYl0hQkqAG2xcaiBnHDLXztdKTa2jB%2FbT42FPXLua6bYLyjQai95YbbHgPjBOdXlrwvR4K31pfZfgch2M8e6M%2FTGahJQZzdQGYVBG3IMHMDPM9UKO%2FR0aO95%2FYH5cixixrqEdIrBZUMrRUJb1BorsRiJiSDmEWz4aMyMj2Fhm4jEa%2Fw6Ufocp9fQEOEdMlUENJEQ5LLLilzsoC8ZF7Sej59%2FddltUUVx3QFmfl0hzJDxWZjQ11XW9ojOqRbOgNSb366nR7AlhiDLcgneJlLvMZDZN9aR9LNqwMxFbeSpBs9MyD2dZvvs1XrzsIyAE1rwN6AAvyF%2BIj23uB3%2Bmg%3D%3D&forwarderB=Uvbd5aqrHFOTg6rdZujOyEF8V5QgH5yDWgeH5vFT5HLAdYdvGdeOEm0VMtk5oh89IHmOfXicVbkHdg4V6Se%2FhWASD7JrkMvz%2B8IPeXty8U4%2FvJGVe0SXHsTCKr6tNjNHY5XpXTZ0nOVzGHzRD7%2F0T4eaaMZLNJuYJ182Cweh1kIWYMK92hCgqaf7VIp%2F8Rc2ioy%2FMpahDgz5FuqpNdB4gl2POJhuQcbesEbPj%2F7DO8ubXO6SoTsjLVLkKGeBKG9NbCfSrt6ApVcJ%2BMJHU5bSRsw6zU7opKMfnP9%2FoOYyHBOHH5XQXcecEnfN9c%2BNTOsLROkDicrE5UGHKkvqg0qOdv8K%2Bjp5elOBzWVw8siphuJcUz0M5dDPtMDeQbsQ6g3duejJLD4%3D&forwarderC=JTdCJTIyYWNjb21tb2RhdGlvblBvc2l0aW9uJTIyJTNBMjMlMkMlMjJsaW5rTG9jYXRpb24lMjIlM0ElMjJDSEFNUElPTl9ERUFMJTIyJTJDJTIycGFnZUNvbnRhaW5lciUyMiUzQSUyMk1BSU4lMjIlMkMlMjJwYWdlTnVtYmVyJTIyJTNBMSUyQyUyMnZpZXdNb2RlJTIyJTNBJTIyU1RBTkRBUkQlMjIlMkMlMjJjbGlja291dFNvdXJjZSUyMiUzQSUyMklURU1fTElTVF9DSEFNUElPTl9ERUFMJTIyJTJDJTIyY2xpZW50Q29ubmVjdGlvbklkJTIyJTNBJTIyanhYNGhtUHFxWlBDMnRmOFZXM1MzNzJvWFgzJTIyJTJDJTIyY2xpZW50U2VxdWVuY2VJZCUyMiUzQTI3MCUyQyUyMmNsaWNrb3V0RXZlbnRJZCUyMiUzQSUyMjJjNDg1YTEzLWJiZWItNGNhNC1hMjQzLTVkNzE5MWIwYjY2OCUyMiU3RA==
23,ibis Navi Mumbai - An Accor Brand,"19,963",Trip.com,https://www.trivago.in/forward/en-IN?forwarderA=drAK1iMUL97bdwL0vZ55S%2BZfJ6ofbMw5qaSv6qyFscIShiK2dWznZkrJD31p4L2EgF09KthsLIGf0HE0CodP0uKCuHJaKQlm1XJksw9DX0dCV%2FEpgcnIQVCB5abnK2JZtlCUCMiMQubdYERK5mCILiubjDXJ5jKFog4CDlU%2BXMQChgDyoSuzOF21VZHVq%2F0N5qjl3%2Ba7KAIkHJ3F74Oq4V28tRTCe2b0bqk%2F1UKLSpwYKN1gg8c3KmVgWi%2FJMFDxJC4YtxOqpACEcpDzWY7s4HGt%2BajBEdyU7lKGvrP4fjj3iaiwsthG7R1GJpFYbMD2X%2F5ZyGD4o93WDbgWRir%2BljEccKL5nXUhfdFdHJ5lK07q%2BSb1KCLJsBf8cU3xskiBxrAGsgT0kYdPFLCdOQ%3D%3D&forwarderB=4kGVrR6cWZje4Ef4vtQQaoANCKUCWoAOxESf5paFBALYeiSP1i%2Bm2X5iq3ciT86PfYijoiRYMpNhpkpE%2FTNIS3nrYYoVwUduvXhC9aYvMTWMJ9GUdtCKvLiZ8g4ViGaL3%2BfDNQRATQjoDAV9dh12Sw%2FgItTbtQgj9Bq%2BxwAAvJLtYFRKT4fvECzkTAqv2RAeIirQumd4%2BUawCqAEIumnEihni8nVRxZSQt4VKUf7SBb3SlbWdOKIWwTRiQieOjf95ux3I%2FLn5cn8IF0mKGwH5U7zfmLnPK6CDacN5O64ohkCGr1O%2Bg%2FZWt0q%2Fo3UDmZk%2FremdTggkE3PedtC9W8%2BPVwoDb3vTSnO154BnVCdPg6WN5xHWP1Rp0BT0polR1QMcICP4SS%2BSEBZxVleoR0a24I1xQ%3D%3D&forwarderC=JTdCJTIyYWNjb21tb2RhdGlvblBvc2l0aW9uJTIyJTNBMjQlMkMlMjJsaW5rTG9jYXRpb24lMjIlM0ElMjJDSEFNUElPTl9ERUFMJTIyJTJDJTIycGFnZUNvbnRhaW5lciUyMiUzQSUyMk1BSU4lMjIlMkMlMjJwYWdlTnVtYmVyJTIyJTNBMSUyQyUyMnZpZXdNb2RlJTIyJTNBJTIyU1RBTkRBUkQlMjIlMkMlMjJjbGlja291dFNvdXJjZSUyMiUzQSUyMklURU1fTElTVF9DSEFNUElPTl9ERUFMJTIyJTJDJTIyY2xpZW50Q29ubmVjdGlvbklkJTIyJTNBJTIyanhYNGhtUHFxWlBDMnRmOFZXM1MzNzJvWFgzJTIyJTJDJTIyY2xpZW50U2VxdWVuY2VJZCUyMiUzQTI3NyUyQyUyMmNsaWNrb3V0RXZlbnRJZCUyMiUzQSUyMjI2NTBlMGQxLTUwNGItNDY0Mi05NGMwLWYzNWEyOTMxNmIwMCUyMiU3RA==
24,"Royal Orchid Central Grazia, Navi Mumbai","26,723",Trip.com,https://www.trivago.in/forward/en-IN?forwarderA=EA1yM1WdvXnFKtdeTUiIGkFGlni6T28smIDHOaMp3KoyStuj4ZmCBRMut6tDkeWUuMyrWm3YZdZYNX3ZldXznPuwR63OEsfIHBTlR%2FRGtjLbnpMuJKspHVNPiQ5S0rFSZ3LaKT7qgvJqzy7riQPbvWkYODvANsH0gybDEtb2n2Nu9fkgfqyol7n%2FFRYBsA1VGBbYa2nhzUN5arpo%2Bw5DV7v4nbYkTYAkjIJByi%2Fen%2BOCyhX4HKu8SyRIstP2IlfnqwBWJM3EEzeqM6JbrH4jB2ECRzpk8GDINvdTJWeg8Zv9C0g3pXKd55nertN3HTQD26JfF5QHazixWNi3T67lejYrFDNI%2BLt7R3y2ODczQQ3jHXr%2Fr%2F%2FijMe9wJvDjI99RM5zY04j56tOb3Z8zA%3D%3D&forwarderB=HdcuATw9B0GvS7Xc8b8JAYzqyXrtycv3KQNgaUXL%2FSu1tBuusdl7bNJrYefUQrVSo6YDqZIYtw4mu1wjETtYDPKR9KoiyAebn0%2FAa%2FLUreW0p38qZy7xZXjqJbbWeTwEXpl5ae3ATXZEho6fO6IqhD1KMeesHCXnUWLXoOzO0v9bFILoMY2y30QwnzcJU45vcljwe%2BqdL%2BBLKy90XW%2FsAiccaAwDc7Fo3W9ZnWEkyjWTRxOXkpfOrbUxhtgpv3fVowNczv0DQf9oSK54Y7lPGQysm9pHBdcBba6KHF97B0sBgBtFHj7CEe5lRTK40J4%2BH0FjUucw%2FCR2RXg1JTrSlJAWWjFjVCyDGs%2FTNdIpRadThct97wdS7ya0S%2Fm5q5UmtnToBXdrydey0FHfSi8V&forwarderC=JTdCJTIyYWNjb21tb2RhdGlvblBvc2l0aW9uJTIyJTNBMjUlMkMlMjJsaW5rTG9jYXRpb24lMjIlM0ElMjJDSEFNUElPTl9ERUFMJTIyJTJDJTIycGFnZUNvbnRhaW5lciUyMiUzQSUyMk1BSU4lMjIlMkMlMjJwYWdlTnVtYmVyJTIyJTNBMSUyQyUyMnZpZXdNb2RlJTIyJTNBJTIyU1RBTkRBUkQlMjIlMkMlMjJjbGlja291dFNvdXJjZSUyMiUzQSUyMklURU1fTElTVF9DSEFNUElPTl9ERUFMJTIyJTJDJTIyY2xpZW50Q29ubmVjdGlvbklkJTIyJTNBJTIyanhYNGhtUHFxWlBDMnRmOFZXM1MzNzJvWFgzJTIyJTJDJTIyY2xpZW50U2VxdWVuY2VJZCUyMiUzQTI4NCUyQyUyMmNsaWNrb3V0RXZlbnRJZCUyMiUzQSUyMjk0MTM2YWYyLWU1MDItNDEwMy1hYTM0LTRmYTljNGYwMTcyNiUyMiU3RA==
25,The Fern Residency Mumbai,"34,473",Trip.com,https://www.trivago.in/forward/en-IN?forwarderA=9bCi5kQgjNGqI2n4zsH%2F4y4BL7IoeJ5cVKMUJstVLydHn4nFj%2Bdnt6ypKCc%2BaQzbCh7RcHNUcbCTdCUwXG1AcvtHyaavxqfGbJIG5mlLDPvjZ6BNCOFXAPB%2Fu8WTEOM%2FJ4EEuhCYsIRkF%2FgYO5Y%2BLWxhZB67emY1K9FIk683%2Fc6TavQm8KC587K2b6xTJLGy6QSvr0GW4nPsdwZfl%2BHjwMJfvZ1X4mviZqd9v%2BBu0JuZrUPk4%2FGSYbCza3AFUh%2FsE8Z31wpT0oDjmHGoamNwDaGFGnEPOxHNlwDuY%2Bpy6l3xcQPsTGqX0gyM2lIrgnHQDvAR3kvBMTx7TAsU%2F6M4wKn5dDUI9%2Fq5hAQoXgqbC70eAvfJNEwOpY42o8hbQVObXB0D2KF9xzSmlIb9KQ%3D%3D&forwarderB=mKrfCOyVxXt%2BcFV%2BxIDpZglqSIC1VG0TMGwHhzdUhOSB3M4qtN%2B%2BoBvhAoKFU8fYGE6vQQJYp0rZ0BCFQEMyY39tG2iQ7h7CN%2BaUC011z40SFmMM6FtYa%2BIRO67SWmra8Qyhhie%2FlM9JBZwCCWFT%2B9TJIm5O3lRsaYR6lmU1wa2p%2BGo8roS1bGJ05D7%2BVWmep5dINKa90rgC6he1VHaadCmfK4QM6Y4YRz0KUS5%2BJUiA%2FRF9RPhlDN5vIXGy980o4BPUK7VYuOa8ownSS2zEq4JoeUIJQvzbbhy8O8RCZDNgccPgGtuqqU1owKLbgpBQofcNuR38%2F42MAEXZKM3VYfILoi6Bp5Mo8hb6VjDtoJWUjbNyma61bhXJpMVbUMMPWE4RHLlMX%2FwFt5SlsucehcJhG1K9tVmbSMLbZyCO3g%3D%3D&forwarderC=JTdCJTIyYWNjb21tb2RhdGlvblBvc2l0aW9uJTIyJTNBMjYlMkMlMjJsaW5rTG9jYXRpb24lMjIlM0ElMjJDSEFNUElPTl9ERUFMJTIyJTJDJTIycGFnZUNvbnRhaW5lciUyMiUzQSUyMk1BSU4lMjIlMkMlMjJwYWdlTnVtYmVyJTIyJTNBMSUyQyUyMnZpZXdNb2RlJTIyJTNBJTIyU1RBTkRBUkQlMjIlMkMlMjJjbGlja291dFNvdXJjZSUyMiUzQSUyMklURU1fTElTVF9DSEFNUElPTl9ERUFMJTIyJTJDJTIyY2xpZW50Q29ubmVjdGlvbklkJTIyJTNBJTIyanhYNGhtUHFxWlBDMnRmOFZXM1MzNzJvWFgzJTIyJTJDJTIyY2xpZW50U2VxdWVuY2VJZCUyMiUzQTI5MiUyQyUyMmNsaWNrb3V0RXZlbnRJZCUyMiUzQSUyMmQ0ZTU3NjY5LWJlNjAtNGYwMC04ZDFjLTUxNWM2MmNkNDhiNiUyMiU3RA==
26,"Marriott Executive Apartment - Lakeside Chalet, Mumbai","45,578",Trip.com,https://www.trivago.in/forward/en-IN?forwarderA=bc%2BQh%2FhIQ1LNauSoARNzfx5T7Ch8yOQdE5ixKTwlGcX%2BO2J3xUJMcLoWxq%2BvC%2Fcthm8EmcaGDW3RKdyPeTLf4ouZ23pA0LeqnPA3kCltIuwNVp%2BUobPqvqBwnz%2FEEi5QXSyzdjM6XE69Ah6486cLvo5%2B1FG9YNMacZ8md5%2FigLqyHIsGRVpTpBGu763j692hY2yzlKIJ%2FLZrDbhQ2qqe6YM6DaMY8oTk7xEiWmADhB1W3KJWooS6hPHheYiTf2Yzewc2OauwamVJcqDFwAsOIYLr9bS%2BD0AaTWHCcj%2FOWEvWGjv%2BTYZpThGfkgRsH%2FTxNK%2Bdc0pZDXTTVt3oiRM6hi3oGZ6LJoa9JpryjSBWqZvmgo%2FS3UEh3BHvyhYEV4om%2B0VJ1nXNWbP%2FWUPQHQ%3D%3D&forwarderB=fa5urvI3RFfU2IHdxE7KYZKSKu7daJ7qZptVv6flN3b9VsQHDiPDLpK5NBR3gZ4FBNLdvUCh1NUFnu9UBzZOGa9YKD5ahpXfh6Sy2TdjLb53sBc5m%2FLU8bw64DA9ffaDBF6xxfDkMwe5XMdIo%2F4vc2rT1uwuAQ0bJvd%2BPxBaxHHFan0YcF6CPLrz1fMZzVdUuWQs2wtWYgYT5c9ojvNP2fDWh2DoUQMrOpOmuswa%2Ft5sX7ZwuN20pBmbGR26lF603GK%2FxTtG1eBCx3VE9lKTTLLnAHrPAgocw4h4AzY0g8borJeU6mjDDhAseNSsuyJG2WeJelXgYWkWiqMKewZaH3MYX12EsXa9iJKmotPjftuwP%2B22PIvUQbbx5r6J6qxp5TvR&forwarderC=JTdCJTIyYWNjb21tb2RhdGlvblBvc2l0aW9uJTIyJTNBMjclMkMlMjJsaW5rTG9jYXRpb24lMjIlM0ElMjJDSEFNUElPTl9ERUFMJTIyJTJDJTIycGFnZUNvbnRhaW5lciUyMiUzQSUyMk1BSU4lMjIlMkMlMjJwYWdlTnVtYmVyJTIyJTNBMSUyQyUyMnZpZXdNb2RlJTIyJTNBJTIyU1RBTkRBUkQlMjIlMkMlMjJjbGlja291dFNvdXJjZSUyMiUzQSUyMklURU1fTElTVF9DSEFNUElPTl9ERUFMJTIyJTJDJTIyY2xpZW50Q29ubmVjdGlvbklkJTIyJTNBJTIyanhYNGhtUHFxWlBDMnRmOFZXM1MzNzJvWFgzJTIyJTJDJTIyY2xpZW50U2VxdWVuY2VJZCUyMiUzQTI5OSUyQyUyMmNsaWNrb3V0RXZlbnRJZCUyMiUzQSUyMmNlNTdmZWVmLTY1OWEtNGY4OS05NzE0LTIwYmYwZGM2OWYxMSUyMiU3RA==
27,Svenska Design Hotel,"35,397",Trip.com,https://www.trivago.in/forward/en-IN?forwarderA=FXcBUmxLAxKtHRNzdkKRJQTWx%2BXYl0NI4VailfGnTwigAC3KEFIYpm90qQQtDszDmfqkNT7c%2F2i0U8eTX5eof%2Fk4wzBeuqqWC5R7sb7GiaAAJaNtmAyN7ZlBjt7bTF0Xq38mQ%2F8OllCQ5wlGWpqIqFmrf9B7M4HHJL7EGQDgHev1X3ZZ1SjQty5Gis5aHbyQ64TSjElcRWYi52g8VmdPEzNg3bVkQ5CfN4swu6IxYn7QcMCgkVwO9d7k180FikEkv5l0fNG0OPoVFrN%2FjhszT%2FNmjp9%2F37%2FYKgP8lkeZXdplrOPHE9gk7gG0f8nvjCh4x%2ByTzxF3%2BHdiFIt1BcKx4nWVKdSncJ%2Fhtf50wBbJRwo%2BIiiVUH16LFYollJCC6ou2JeRBtQQ8htUHDx2IA%3D%3D&forwarderB=1JHDpBRdXbUNH%2FUEVsDyH4Zx26V7bmQu8bekcqrRO3mkYA4UfCZoPf7fAFhttCo677651Af4WTtN8u9HiCt%2BMDk9FM116nWYIr3ME%2FSmmXWnw7H90wtQgo%2BbxJgF56cmA0aj2ANEsjYoCP08XNQmC4SdiMEZXapfjDK9GsuPC4ch3W9r4otAGCtXxVfAK96%2BFq%2B%2F7lSYvCO%2Bqk5ByGKDpo2k7f6ZCoAC8fWbzxHV7B0zAkAXEUvDsYarwksOLsLdwAiNSaqlNw9J9bAPhYVjs%2B8dePNxdZIrAnfmLBQhBt8jkBTAXhs%2FCGm7q%2Bf1YMrf38ri%2BY3GdKTsVYERprOXXwX4Spt5mOrMZzgaBnYO%2FdreFUhskYpScAK%2B7oZqSf7H0kBrNDc%3D&forwarderC=JTdCJTIyYWNjb21tb2RhdGlvblBvc2l0aW9uJTIyJTNBMjglMkMlMjJsaW5rTG9jYXRpb24lMjIlM0ElMjJDSEFNUElPTl9ERUFMJTIyJTJDJTIycGFnZUNvbnRhaW5lciUyMiUzQSUyMk1BSU4lMjIlMkMlMjJwYWdlTnVtYmVyJTIyJTNBMSUyQyUyMnZpZXdNb2RlJTIyJTNBJTIyU1RBTkRBUkQlMjIlMkMlMjJjbGlja291dFNvdXJjZSUyMiUzQSUyMklURU1fTElTVF9DSEFNUElPTl9ERUFMJTIyJTJDJTIyY2xpZW50Q29ubmVjdGlvbklkJTIyJTNBJTIyanhYNGhtUHFxWlBDMnRmOFZXM1MzNzJvWFgzJTIyJTJDJTIyY2xpZW50U2VxdWVuY2VJZCUyMiUzQTMwNiUyQyUyMmNsaWNrb3V0RXZlbnRJZCUyMiUzQSUyMjc0NzFhMzRmLWEwODEtNGVkOC1iMjQ3LWJlY2FiMTQ3MWUxOCUyMiU3RA==
28,"Lemon Tree Premier, Mumbai International Airport","32,636",Trip.com,https://www.trivago.in/forward/en-IN?forwarderA=hG53V%2B6OJRGOXAqoXdQwD5HkZL%2BnZeOzlEC%2B2YwMI4Bqstc101qRGpx1Ev16Jx2pBrEeCw82bRr6ScSWf%2FC8L2agfE3BL0muHu1g6ODhB6yKrVIj6eVFByCL2v3zzIDZpRiKHlElXsPGg7StXxPjiT4FgQKpyIDAxu612w1VegL47efSiGhfSCSopLlQAEmZVrgHB2n8e9cyNRrkoePcT%2FWW9yxMWkd76aSqCK7gIKiKkT0Cu%2Fx5i0yFE1S9DTYij2BBa8HeNJSqqFY6%2FkEzfPOp5M8uJ%2FfwwgdJ6%2F1C8A8Iy07hVLuKr29Mp59fbWvlYXXr3MAaPKDZBvDauwxLs962DDwj7Lp2f31iOLLA%2FosUQjomFCJ1O8MCjvlKGlapbHZba9KXtYzM39IhnA%3D%3D&forwarderB=ASimVoOeAsnhk6LcuGRqL9rec2wk0L%2FDgAKZUjR%2Fp1ujkE2BCPQIJBwMZ7xnxQkqtxx%2Fvx5tXpfaS3hPlHSL38xjbbePr0%2BgP5tsDLTomKVq5xUUTI6WnrpJLZ2eW1tzL5N7SM5eEFEY8O2vq3378yEO%2BHfnnTXjdYQn108LmkqlPRkp0bXJZF3Hd9B4jqa5eZVaPyv%2Fvg%2ByCllXGVw8xyYCcDbNsrcMahajjCmy7q43ziO6lyOeBkXLeh%2Bb8tnojD%2BP4qe44yrMhod1%2BkuRrqxG6%2FVGct2CtoKCXMEnLkeX%2B6JFvJus10nZIKoIXxzrhwkhg8tef6mKoVuGKgDWodIvgPcJpHZ2o0djdIqE%2F2Gu3Y9%2B4j9BwQiPnBmMdH2rew2cGJGli023tXB5lvex6Q%3D%3D&forwarderC=JTdCJTIyYWNjb21tb2RhdGlvblBvc2l0aW9uJTIyJTNBMjklMkMlMjJsaW5rTG9jYXRpb24lMjIlM0ElMjJDSEFNUElPTl9ERUFMJTIyJTJDJTIycGFnZUNvbnRhaW5lciUyMiUzQSUyMk1BSU4lMjIlMkMlMjJwYWdlTnVtYmVyJTIyJTNBMSUyQyUyMnZpZXdNb2RlJTIyJTNBJTIyU1RBTkRBUkQlMjIlMkMlMjJjbGlja291dFNvdXJjZSUyMiUzQSUyMklURU1fTElTVF9DSEFNUElPTl9ERUFMJTIyJTJDJTIyY2xpZW50Q29ubmVjdGlvbklkJTIyJTNBJTIyanhYNGhtUHFxWlBDMnRmOFZXM1MzNzJvWFgzJTIyJTJDJTIyY2xpZW50U2VxdWVuY2VJZCUyMiUzQTMxNCUyQyUyMmNsaWNrb3V0RXZlbnRJZCUyMiUzQSUyMjc4M2M5ODg4LTE3MzQtNGU3Yy05Yjg4LTI0NGM5N2EwNDBjOSUyMiU3RA==
29,Goldfinch Hotel Mumbai,"36,393",Trip.com,https://www.trivago.in/forward/en-IN?forwarderA=Ht657PX4cjS2IQVC7lqa7Nb3tniv8OgvzCfBBOUkYr4UiQYDxC4Vg9E3PplNhTfGfsBzMevIpdHICyWWST2ByM0py9%2BrNi33AaVzpHr2kAjomrh8Md2y%2BqQUHVR4Neu80gIYTu%2Fz6EWZPTBp1oIV7AMnVMRnlh7zBrYlC6LOp0kBuMgMyi9%2B7%2BDZD%2B5r8f2qnvf5gsbYmd2APc%2BTl888bQhSFJnp11HjwiR5uCqsI1LrApPYFZdb9ElNJ3nOaO3tLDCbnRN3%2BPN8j9T6%2FKPJA%2BY2jR%2B6iTRFwsvM7n5Lc3sWhHjgx%2FGz8Zg%2FI7d%2F2SmyORTUncw3omHyE9qoK%2BAGRCfUVQJms9vt04IBk08gzbnqPDgdAi2tgfSEuyOqmI9A0uZfHRQcV9ZRbzoS7A%3D%3D&forwarderB=Aa%2BbW2vSquMW67Fr1nu%2F338MVGF4m21YS0yQWnNZRMtS3QTmwM6j55xhwZBRqnDARe7s0JLFpfC6d1EAx7EcWGIZEZGXAIcUBb4HBEsHFKuIuqDSOijrNMnPBmWTYfsaIWNnlySB38Lxk%2FX2MLbdDprTlCN1JWaTkyqBAhf2lJHo%2BviELfyfQUhxOYcBUDi2C4YCNOh0U4HscxFMMDOp8hVpmXXnbNWZeKMQlScfzxwBQHRchif0LIZzS%2B2Xs6ZB4VOdFe2oV0%2BosYVCl1UXipzVTB%2FjmWDf9Q%2F9AO9y%2FuNyYDy%2BfSG81lYKwFFA%2FZulp0025vw8YFVAoXk53kb%2BLDoFaE9Hu2b6JUK5CT7D%2FFJ3WYsEXa5dZd4Ifyh3geMAnI11S7gxF%2B1jUqq0oNU%3D&forwarderC=JTdCJTIyYWNjb21tb2RhdGlvblBvc2l0aW9uJTIyJTNBMzAlMkMlMjJsaW5rTG9jYXRpb24lMjIlM0ElMjJDSEFNUElPTl9ERUFMJTIyJTJDJTIycGFnZUNvbnRhaW5lciUyMiUzQSUyMk1BSU4lMjIlMkMlMjJwYWdlTnVtYmVyJTIyJTNBMSUyQyUyMnZpZXdNb2RlJTIyJTNBJTIyU1RBTkRBUkQlMjIlMkMlMjJjbGlja291dFNvdXJjZSUyMiUzQSUyMklURU1fTElTVF9DSEFNUElPTl9ERUFMJTIyJTJDJTIyY2xpZW50Q29ubmVjdGlvbklkJTIyJTNBJTIyanhYNGhtUHFxWlBDMnRmOFZXM1MzNzJvWFgzJTIyJTJDJTIyY2xpZW50U2VxdWVuY2VJZCUyMiUzQTMyMSUyQyUyMmNsaWNrb3V0RXZlbnRJZCUyMiUzQSUyMjlhYzAyMzg4LTc3Y2ItNDFjMS1hZjQ3LTQ0YTY5YjE2OTAzNCUyMiU3RA==
30,The Westin Mumbai Garden City,"58,078",Trip.com,https://www.trivago.in/forward/en-IN?forwarderA=OADkCR9ax26z1I8dzX1PC%2BM9jhQhq5duScnt3H6IsiWoBPL9M9LrKip%2FgcTn02T2gh3qtFxgTbQWVOyxvgLavle5NBJ9Wb%2Fs1T0QjAJg0LQsZwKgcqa%2BsPY%2FYxMTpJEPzEMRnEWcrcxCxA0EhwBedWo3raSk%2BfRjvXXrndD6WXDj9i%2BYK8beLGnFQE8OxWPnuisvxKBEWqQagvwAO%2Ff0KFmV9Pk2i4YWm11M4X5Py%2BgKIxTo%2BBYx0GIaAmAjEUnKrE54GdHM0IpHQRV9sPUccHWv6eArq%2BkjKFZTeT4FLTyGk2iiLJtfabxD7n4bo9uJ7nvUQ4Vo7stVLbrcZPFwPneGl7i6BzX98E1Hwud3NvM7IorI%2FommrIvmzMsQSUHB3VPtjwx9LieZ5FAwyA%3D%3D&forwarderB=1daFeapRES20uf8stHCJSmHvFq13qgovLKfbea2S7ydFFlxMMgsVynsLbS3z7g4ezurRSTT81mMFMaLLgIHy4RIQPbYy1IvTykEN6WSGaft65Cs4Iw5GhrFHTOfMjbAln89uf6hBUnCjSan1YXjURsfvnZiSNkOEXJDRBD8hRKMlWt2e8tFC%2Bd95mKsy9Dllj6vibHaAo8iz1cr34Kb7TSIndH3mPKFpyLw6oPbiwWew6VufzdMy587TbcIMMQ2%2FPXDn0ZuYL6%2B7Fy6uOEfuyXcLi5bDztknqN87LBHYaretAgSJO7K3FrI8uI26HDrtGONxa6Zq4LC5XuypT2dyUGIMI8YfCdHtntneBgxtmazbu86dbOQqcT70EuP0YHv3Cubb4tl2x8AMBZwrDdg%3D&forwarderC=JTdCJTIyYWNjb21tb2RhdGlvblBvc2l0aW9uJTIyJTNBMzElMkMlMjJsaW5rTG9jYXRpb24lMjIlM0ElMjJDSEFNUElPTl9ERUFMJTIyJTJDJTIycGFnZUNvbnRhaW5lciUyMiUzQSUyMk1BSU4lMjIlMkMlMjJwYWdlTnVtYmVyJTIyJTNBMSUyQyUyMnZpZXdNb2RlJTIyJTNBJTIyU1RBTkRBUkQlMjIlMkMlMjJjbGlja291dFNvdXJjZSUyMiUzQSUyMklURU1fTElTVF9DSEFNUElPTl9ERUFMJTIyJTJDJTIyY2xpZW50Q29ubmVjdGlvbklkJTIyJTNBJTIyanhYNGhtUHFxWlBDMnRmOFZXM1MzNzJvWFgzJTIyJTJDJTIyY2xpZW50U2VxdWVuY2VJZCUyMiUzQTMyOCUyQyUyMmNsaWNrb3V0RXZlbnRJZCUyMiUzQSUyMmZjM2QxN2NhLTFjNGUtNDY3NC05OTNmLWIyODcwNDhmZTI2NiUyMiU3RA==
31,Sofitel Mumbai BKC,"51,155",Trip.com,https://www.trivago.in/forward/en-IN?forwarderA=R1n4eY7r%2FtdBvPTpOC%2F%2BhxY%2F%2F5brsl%2BAHDtzBTZ2nBNQxKI8BxPtdSt0VlQj6OR0pHMO2sr%2BrAMsLy1BK3QVmp5VEsTxEvWqoMV10JIZgEgh94%2F9cHVaZSKKnPrdGH7neJP716yUxRU5LctAAIS6y8qxIM955YXhV9uvNfTid7ijyZJRXDKjDMN3e4sdVpiewSubqi8rK0k7x8Su3qTN1z0YKSTKKfYaWvb0CtKSkew2zwBUmpf6bpToT31jS8BpedxGYSXoOZjZmNk2XMOiBq5z1onT%2Bi7TUmwLE%2BE%2BXzWN4%2B3aQwbdVpSGdihx3MVUlhthMVpFQlSfz245smUULtkSsGteq6BeFVnQb%2BkRs3VHXD63RAxk7t6c1TB511evrQFffbjx%2F7Hl9bg5Lg%3D%3D&forwarderB=phZMUhYt1SzRb32F%2Bs%2FL836F5hEcGgU4Uu34T%2F55GjLeInk%2FNp0BqPKQfpQ7QkqO0jaVZPhSFins%2FPgYjTOwor9EhZ1%2BgMlG9faANz00sjmSTcbxD99Lo6qDbhtKSGVBIrqy%2ByOZ9R%2By%2Fl6TAvvTiRyyccvg9%2FSbDYuShJRPluimD8CCm34Rqcckat4gzIgAbuANAuXGkcf%2Bem%2BZVAHhyEE5uPgkC5vyUL1Y1Jc3%2BsndpI8dZaRC5qsHTA%2F6LMU8W5scw%2FLuuzCEDInQa75G8mqSAl486uNbBBa9i%2Fg87ZT6NEbua7JiAmLfA%2B7tuiJyAnWxOswdocA20bUTKchDHYWi6PUzQgNpFAo8Rrk1Zan82kO3G97uDPDWFmKI6KLBK6%2FlI2SrwoMLBto%3D&forwarderC=JTdCJTIyYWNjb21tb2RhdGlvblBvc2l0aW9uJTIyJTNBMzIlMkMlMjJsaW5rTG9jYXRpb24lMjIlM0ElMjJDSEFNUElPTl9ERUFMJTIyJTJDJTIycGFnZUNvbnRhaW5lciUyMiUzQSUyMk1BSU4lMjIlMkMlMjJwYWdlTnVtYmVyJTIyJTNBMSUyQyUyMnZpZXdNb2RlJTIyJTNBJTIyU1RBTkRBUkQlMjIlMkMlMjJjbGlja291dFNvdXJjZSUyMiUzQSUyMklURU1fTElTVF9DSEFNUElPTl9ERUFMJTIyJTJDJTIyY2xpZW50Q29ubmVjdGlvbklkJTIyJTNBJTIyanhYNGhtUHFxWlBDMnRmOFZXM1MzNzJvWFgzJTIyJTJDJTIyY2xpZW50U2VxdWVuY2VJZCUyMiUzQTMzNSUyQyUyMmNsaWNrb3V0RXZlbnRJZCUyMiUzQSUyMjY1NDQwMzhlLTJkNDQtNDQxMC04OTFkLTA2NDY3ZWQ0OTQ2NCUyMiU3RA==
32,JW Marriott Mumbai Sahar Airport,"57,193",Trip.com,https://www.trivago.in/forward/en-IN?forwarderA=pHhVuq0SbopjlNn8jQDNLL591ft5Jj7VXycm6PwBIWYU%2BSeN8J9ZI2kjSAAPru5RRRowiySHJ0QZsx88ymU9tD0DJ3EejCDJyEyirepz63T8yRp59F8L0cG1hsa89uoOLM7GLmeAw7uaWw7cIhD467LXQghWvmejLD8YMrQWLad7rcqQiV2zeNJEUn12pRT8XWWmmUogSAzb64ctZTxK%2BBV4RqbPFIVsTblO1yMarn5C5x9n5BrVnrGp5ectP0g91DB1ljbo6yPGnzvIZ4RJYR1yl4uuEtwZXaWiJsH9zEx7xZnFIqJqRs6SYGAGlJ8rG6Nh258iPI0ah1slAz%2FtYkEOHMvoz8YfcRC%2BQcn%2BIFTEgNHklqTOEJFEseWkjEUtmpqZuGWKk9W2QbEloA%3D%3D&forwarderB=7ex9xFRVmUX6LLy6c2a%2FUUOzPDINl0eUIiG1u3k4Q3tAZ%2BaesFthdeqkH9JcU6%2B7D5lMifYY2gD8TXOtAQpi9309w6o0HuSgCO29Fyv4ih6KEWxsQ46peibgyJg38cVeR%2BADREDNUjtk1%2FnuKvyv2qNPWxSUNqMkY9%2Fj443zNGdnOYPwcjgZbxA%2BWLb2KhgtchHPNVC8S9usZsobVCQ1sxKAMJjrV7PrbPd9TDDDZVa0erGgIedpBfkDFAUcle%2Frp34iA0%2BpdZnCRva24uuhF8KWEMFnSKcPTZo1DOhqfW%2F2toWXeq3k9Z23UYlWlKlleubmk7%2FsD%2BTWfhuGn0u95FXUrOkwUpU%2BqhdHukwdfiYWP6pyQRrKjgS2p5gIxcjCWZaGtWqZoL0%3D&forwarderC=JTdCJTIyYWNjb21tb2RhdGlvblBvc2l0aW9uJTIyJTNBMzMlMkMlMjJsaW5rTG9jYXRpb24lMjIlM0ElMjJDSEFNUElPTl9ERUFMJTIyJTJDJTIycGFnZUNvbnRhaW5lciUyMiUzQSUyMk1BSU4lMjIlMkMlMjJwYWdlTnVtYmVyJTIyJTNBMSUyQyUyMnZpZXdNb2RlJTIyJTNBJTIyU1RBTkRBUkQlMjIlMkMlMjJjbGlja291dFNvdXJjZSUyMiUzQSUyMklURU1fTElTVF9DSEFNUElPTl9ERUFMJTIyJTJDJTIyY2xpZW50Q29ubmVjdGlvbklkJTIyJTNBJTIyanhYNGhtUHFxWlBDMnRmOFZXM1MzNzJvWFgzJTIyJTJDJTIyY2xpZW50U2VxdWVuY2VJZCUyMiUzQTM0MiUyQyUyMmNsaWNrb3V0RXZlbnRJZCUyMiUzQSUyMjU4NDg1YWE5LTkyZGItNDhjZC1hYjM3LWI2ODA3YmQzOTkxOCUyMiU3RA==
33,The Roa Hotel,"21,818",Trip.com,https://www.trivago.in/forward/en-IN?forwarderA=GbjYjLlMnAiwiCLGMH%2BpuTOs%2Fw1YplvpM44ysokV2M8gJYPtEcBzXlSDVu7OL2Wywv%2F4E9izyWrFf8K0esiun6%2Bvck84ehItODseYvCpOxuIZt2M29NmtIwUf%2F5%2BEhhqSbPu4WZiUdfsUsIvOFobzJhieufY62uRfvtfngzxwIrELnD%2B83fVX61POb6tv3MkmcsaqACEOmK5FQGnLMea%2Bi8lktI4WsdP2vZIIBjlhhqvoaDcOcpcQuBueSrqjOGtW7ThNXU73v3XVJGlTzE5GSSBpXG2ZoMY4%2F6Bgx46gx4vokAaZ0o%2FKz7BShjsGEZVjJkDCDcQFTr3FQvinAuXR4EbuctzvRSsLxX1pfKZhsnazsZDcZA2kjw0RLDK6Npzohb3eEttGl2xhrn5AQ%3D%3D&forwarderB=xKLZbN7gx9qamEi3kZck2%2Fb0B4IRvvuloWHZVrLw%2FozkoOF7ZJmNITa7%2BApilMuVc5ZTS6Kd%2B%2B9i2Kj1H6IVQCq2hUe%2FA%2B0N2RZCrvljtJMAhux0O6fkUxezJa3TwMaJnjQsll%2F0SqgVameSYMQ%2FDy1IgWYgp%2BlPDcUeNrjEQVBuadMtQI2xOTUy9%2BOXMxUPE71jzwiyPmH2gdWyAyft9dVOn83537Zn5WeLruLVRYYa5WVud8dsHJ2b8%2F2W%2BWQA7xR6N9pwyL7iKk%2FB308XDgRmFnP8h7Tazyrvs%2FQ9MveHVPNtui%2B2dCb5SYq4TSgIAZzlDvnkpz1Q6xJ8%2FbYyYNQR89DRFn36jw0BmVFoBtmHN8nIYxsjRrz34zm19pCd%2Bwsxedqrq%2B1e5aalgBQ%3D&forwarderC=JTdCJTIyYWNjb21tb2RhdGlvblBvc2l0aW9uJTIyJTNBMzQlMkMlMjJsaW5rTG9jYXRpb24lMjIlM0ElMjJDSEFNUElPTl9ERUFMJTIyJTJDJTIycGFnZUNvbnRhaW5lciUyMiUzQSUyMk1BSU4lMjIlMkMlMjJwYWdlTnVtYmVyJTIyJTNBMSUyQyUyMnZpZXdNb2RlJTIyJTNBJTIyU1RBTkRBUkQlMjIlMkMlMjJjbGlja291dFNvdXJjZSUyMiUzQSUyMklURU1fTElTVF9DSEFNUElPTl9ERUFMJTIyJTJDJTIyY2xpZW50Q29ubmVjdGlvbklkJTIyJTNBJTIyanhYNGhtUHFxWlBDMnRmOFZXM1MzNzJvWFgzJTIyJTJDJTIyY2xpZW50U2VxdWVuY2VJZCUyMiUzQTM0OSUyQyUyMmNsaWNrb3V0RXZlbnRJZCUyMiUzQSUyMjdlZjY3OTJmLTQyY2QtNDQxNC1iZDBhLWVmMzcxZGY0YmI0MyUyMiU3RA==
34,The Lalit Mumbai-Airport,"78,461",Trip.com,https://www.trivago.in/forward/en-IN?forwarderA=CNggymVJD0JCDwXs%2BGlB1JMhrvY37fNjBPzDbJYGCrSZQ2LqVwk6y7p3Mt76ZPPNa0hBF%2FJ42uuXaoLc2C6qZ3OUGaY3vSMQtpRoUArXKAHlkbO%2BjZoUkGkiOCI2fqz3katBjbb2m8YT8UrHEyDTjPop06rSb9l3OZakIorVM1vt8jYGelFbmIWIdEuiN%2FipNlHtPfJ4gAu9mpMlFmoDaBeQdY%2FepPknVED6%2BVlbeg78EiLhy%2BbvVbC5f1hPylveuvfl4ckn1fZQM2QJnhrvmzBZHSRhJ2W4A0n618INf1EIadViDaDUzgA%2F8EuYEqvH6Xq6j80vd%2FW2XdFPvsChgkmPdr8rMK%2F4rZX7Wmy2m8fQdBJ14UMStto%2Fa3r1P7LO%2FW8BSRwIpYvS5AKKcA%3D%3D&forwarderB=qc5%2FpwQmD5NoxZ7eqHosqBFv0DcynMdeA2loDKkr085FxOaowdit46ygHMM5Am5nRjFEOVfi4PMad60v%2FWPXhUBVz06%2FiM1BT36Av5IU4xDxOfTdP%2BPJcM79qzWiPiN39PcxbBZGGxh6EO0xz%2BxvqdTrGR9GfQB4%2F0I%2B7yijpZml1d5T0lG8OzJwHUub926nKoRHR0Xgzj17YsR%2F9G2lBf8XbA0%2FY3BE%2FRQ%2FUE%2BONBnep11rHBWvxcqBvsuBLq1KOlHSa3LYtxCro4i17VaAgQ7LJldTwclS6EXeTLB2gWMDLECi7qfoRyFdcXjT8L8pkzX6wmvVy1He0MTnciUswEShUYVQX%2FNouslBy97y%2Fb5C%2FUjHE%2FBZsEx07f%2B7K0JO3sJC8ymA9g%3D%3D&forwarderC=JTdCJTIyYWNjb21tb2RhdGlvblBvc2l0aW9uJTIyJTNBMzUlMkMlMjJsaW5rTG9jYXRpb24lMjIlM0ElMjJDSEFNUElPTl9ERUFMJTIyJTJDJTIycGFnZUNvbnRhaW5lciUyMiUzQSUyMk1BSU4lMjIlMkMlMjJwYWdlTnVtYmVyJTIyJTNBMSUyQyUyMnZpZXdNb2RlJTIyJTNBJTIyU1RBTkRBUkQlMjIlMkMlMjJjbGlja291dFNvdXJjZSUyMiUzQSUyMklURU1fTElTVF9DSEFNUElPTl9ERUFMJTIyJTJDJTIyY2xpZW50Q29ubmVjdGlvbklkJTIyJTNBJTIyanhYNGhtUHFxWlBDMnRmOFZXM1MzNzJvWFgzJTIyJTJDJTIyY2xpZW50U2VxdWVuY2VJZCUyMiUzQTM1NiUyQyUyMmNsaWNrb3V0RXZlbnRJZCUyMiUzQSUyMjk0YzBmMTBmLTU5OGItNDVmNy1hMzQwLTE3YzU4ZWQyMzRlNSUyMiU3RA==
